order_name,order_code,recipe_category,recipe_quantity,recipe_unit,direction_usage,abbreviation
-,810000001.0,"""Comment""",-,-,-,省略危険文字列
-,810000001.0,"""Control""",-,-,-,省略危険文字列
-,810000001.0,"""Examination""",-,-,-,省略危険文字列
-,810000001.0,"""HomeCare""",-,-,-,省略危険文字列
-,810000001.0,"""Injection""",-,-,-,省略危険文字列
-,810000001.0,"""Medication""",-,-,１日１回朝食後に,省略危険文字列
-,810000001.0,"""OwnExpense""",-,-,-,省略危険文字列
γ−ＧＴ,160020410.0,"""Examination""",1.0,回,-,γ−ＧＴ
★　　月　　日にお飲み下さい。,1000001.0,"""Medication""",-,-,１日１回朝食後に,★月日にお飲み下さい。
★金曜日にお飲み下さい,1000033.0,"""Medication""",-,-,週１回,金曜日
★１日１〜２回お使い下さい。,1000023.0,"""Medication""",-,-,保湿剤として,★１日１〜２回お使い下さい。
【粉　砕】,1000984.0,"""Medication""",-,-,１日２回朝夕食後に,粉砕
〔東洋〕桂枝加黄耆湯エキス細粒,615101541.0,"""Medication""",3.0,ｇ,１日３回毎食前に,桂枝加黄耆湯
アイトロール錠２０ｍｇ,612170717.0,"""Medication""",1.0,錠,１日２回朝夕食後に,アイトロール
アイミクス配合錠ＬＤ,622199201.0,"""Medication""",1.0,錠,１日１回朝食後に,アイミクス
アクアチムクリーム１％,620005245.0,"""Medication""",50.0,ｇ,医師の指示通りに,アクアチムクリーム
アクトス錠１５　１５ｍｇ,610432040.0,"""Medication""",1.0,錠,１日１回朝食後に,アクトス
アクトス錠３０　３０ｍｇ,610432041.0,"""Medication""",1.0,錠,１日１回夕食前に,アクトス
アサコール錠４００ｍｇ,621969902.0,"""Medication""",2,錠,１日３回毎食後に,アサコール
アシテアダニ舌下錠３００単位（ＩＲ）　３００ＩＲ,622424701.0,"""Medication""",1,錠,１日１回朝食後に,アシテアダニ
アシノン錠７５ｍｇ,620005869.0,"""Medication""",1.0,錠,１日１回夕食後に,アシノン
アジルサルタンＯＤ錠２０ｍｇ「杏林」,622939101.0,"""Medication""",2.0,錠,１日１回朝食後に,アジルサルタン
アジルバ錠１０ｍｇ,622341401.0,"""Medication""",1.0,錠,１日１回朝食後に,アジルバ
アジルバ錠２０ｍｇ,622143501.0,"""Medication""",1.0,錠,１日１回朝食後に,アジルバ
アジルバ錠４０ｍｇ,622143601.0,"""Medication""",1.0,錠,１日１回朝食後に,アジルバ
アストミン錠１０ｍｇ,620004432.0,"""Medication""",1.0,錠,１日３回毎食後に,アストミン
アスパラ−ＣＡ錠２００,613210001.0,"""Medication""",3.0,錠,１日２回朝夕食後に,アスパラ
アスパラカリウム錠３００ｍｇ,620004902.0,"""Medication""",1.0,錠,１日３回毎食後に,アスパラカリウム
アズノールうがい液４％,660463002.0,"""Medication""",30.0,ｍＬ,★１日１〜２回お使い下さい。,アズノール
アズノール軟膏０．０３３％,620002619.0,"""Medication""",40.0,ｇ,四肢に,アズノール
アセトアミノフェン錠２００ｍｇ「三和」,621634101.0,"""Medication""",2.0,錠,発熱時又は痛む時に,アセトアミノフェン
アゼルニジピン錠１６ｍｇ「ケミファ」,622251501.0,"""Medication""",1.0,錠,１日１回朝食後に,アゼルニジピン
アゼルニジピン錠８ｍｇ「テバ」,622241101.0,"""Medication""",1.0,錠,１日１回朝食後に,アゼルニジピン
アダパレンゲル０．１％「イワキ」,622685901.0,"""Medication""",15.0,ｇ,１日１回お使い下さい。,アダパレンゲル
アダラートＣＲ錠１０ｍｇ,610421320.0,"""Medication""",1.0,錠,１日１回夕食後に,アダラート
アダラートＣＲ錠２０ｍｇ,610421321.0,"""Medication""",1.0,錠,１日１回朝食後に,アダラート
アダラートＣＲ錠４０ｍｇ,610421322.0,"""Medication""",1.0,錠,１日１回朝食後に,アダラート
アテレック錠１０　１０ｍｇ,610407148.0,"""Medication""",1.0,錠,１日１回朝食後に,アテレック
アデホスコーワ顆粒１０％,620003503.0,"""Medication""",1.0,ｇ,１日３回毎食後に,アデホスコーワ
アトルバスタチンカルシウム１０ｍｇ錠,622475100.0,"""Medication""",1.0,錠,１日１回朝食後に,アトルバスタチンカルシウム
アトルバスタチンカルシウム５ｍｇ錠,622475000.0,"""Medication""",1,錠,１日１回朝食後に,アトルバスタチンカルシウム
アトルバスタチン錠１０ｍｇ「アメル」,622143901.0,"""Medication""",1.0,錠,１日１回朝食後に,アトルバスタチン
アトルバスタチン錠１０ｍｇ「サワイ」,622098501.0,"""Medication""",1,錠,１日１回朝食後に,アトルバスタチン
アトルバスタチン錠１０ｍｇ「サンド」,622127001.0,"""Medication""",1.0,錠,１日１回朝食後に,アトルバスタチン
アトルバスタチン錠１０ｍｇ「日医工」,622167701.0,"""Medication""",1.0,錠,１日１回朝食後に,アトルバスタチン
アトルバスタチン錠５ｍｇ「アメル」,622143801.0,"""Medication""",1.0,錠,１日１回朝食後に,アトルバスタチン
アトルバスタチンＯＤ錠５ｍｇ「トーワ」,622280701.0,"""Medication""",1.0,錠,１日１回朝食後に,アトルバスタチン
アトーゼット配合錠ＬＤ,622584101.0,"""Medication""",1,錠,１日１回朝食後に,アトーゼット
アピドラ注ソロスター　３００単位,621911201.0,"""HomeCare""",3.0,キット,-,ソロスター
アマリール０．５ｍｇ錠,621982701.0,"""Medication""",1.0,錠,１日１回朝食後に,アマリール
アマルエット配合錠４番「サワイ」,622457201.0,"""Medication""",1.0,錠,１日１回朝食後に,アマルエット
アミティーザカプセル１２μｇ,622653501.0,"""Medication""",1.0,カプセル,１日２回朝夕食後に,アミティーザカプセル
アミティーザカプセル２４μｇ,622182901.0,"""Medication""",1.0,カプセル,１日２回朝夕食後に,アミティーザカプセル
アムバロ配合錠「タナベ」,622446601.0,"""Medication""",1.0,錠,１日１回朝食後に,アムバロ
アムロジピン錠１０ｍｇ「あすか」,622184701.0,"""Medication""",1.0,錠,１日１回朝食後に,アムロジピン
アムロジピン錠２．５ｍｇ「あすか」,620007819.0,"""Medication""",1,錠,１日１回朝食後に,アムロジピン
アムロジピン錠２．５ｍｇ「トーワ」,620007846.0,"""Medication""",1.0,錠,１日１回夕食後に,アムロジピン
アムロジピン錠５ｍｇ「あすか」,620007853.0,"""Medication""",1.0,錠,１日１回朝食後に,アムロジピン
アムロジピン錠５ｍｇ「タイヨー」,620007874.0,"""Medication""",2.0,錠,１日１回朝食後に,アムロジピン
アムロジピン錠５ｍｇ「日医工」,620007881.0,"""Medication""",1.0,錠,１日１回朝食後に,アムロジピン
アムロジピン錠５ｍｇ「明治」,620007885.0,"""Medication""",1,錠,１日１回朝食後に,アムロジピン
アムロジピンＯＤ錠１０ｍｇ「あすか」,622439701.0,"""Medication""",1.0,錠,１日１回朝食後に,アムロジピン
アムロジピンＯＤ錠１０ｍｇ「トーワ」,622143101.0,"""Medication""",1.0,錠,１日１回朝食後に,アムロジピン
アムロジピンＯＤ錠２．５ｍｇ「トーワ」,620007817.0,"""Medication""",1.0,錠,１日１回朝食後に,アムロジピン
アムロジピンＯＤ錠２．５ｍｇ「ＴＣＫ」,621931301.0,"""Medication""",1.0,錠,１日１回朝食後に,アムロジピン
アムロジピンＯＤ錠５ｍｇ「ケミファ」,621941701.0,"""Medication""",1.0,錠,１日１回朝食後に,アムロジピン
アムロジピンＯＤ錠５ｍｇ「サワイ」,621959501.0,"""Medication""",1.0,錠,１日２回朝夕食後に,アムロジピン
アムロジピンＯＤ錠５ｍｇ「トーワ」,620007818.0,"""Medication""",1.0,錠,１日１回朝食後に,アムロジピン
アムロジピンＯＤ錠５ｍｇ「科研」,621957401.0,"""Medication""",1.0,錠,１日１回朝食後に,アムロジピン
アムロジン錠５ｍｇ,620005905.0,"""Medication""",1.0,錠,１日１回夕食後に,アムロジン
アムロジンＯＤ錠１０ｍｇ,621991201.0,"""Medication""",1.0,錠,１日１回朝食後に,アムロジン
アムロジンＯＤ錠２．５ｍｇ,620003886.0,"""Medication""",1.0,錠,１日１回朝食後に,アムロジン
アムロジンＯＤ錠５ｍｇ,620003887.0,"""Medication""",1.0,錠,１日１回朝食後に,アムロジン
アモバン錠７．５　７．５ｍｇ,611120111.0,"""Medication""",1.0,錠,１日１回就寝前に,アモバン
アラセナ−Ａ軟膏３％,620008961.0,"""Medication""",5,ｇ,医師の指示通りに,アラセナ
アラミスト点鼻液２７．５μｇ１２０噴霧用　５ｍｇ１０ｇ,622680401.0,"""Medication""",1.0,キット,医師の指示通りに,アラミスト
アラミスト点鼻液２７．５μｇ５６噴霧用　３ｍｇ６ｇ,621911701.0,"""Medication""",1.0,キット,医師の指示通りに,アラミスト
アリセプト錠３ｍｇ,610432042.0,"""Medication""",1.0,錠,１日１回朝食後に,アリセプト
アリセプト錠５ｍｇ,610432043.0,"""Medication""",1.0,錠,１日１回朝食後に,アリセプト
アルサルミン細粒９０％,620006833.0,"""Medication""",1,ｇ,１日１回朝食後に,アルサルミン
アルダクトンＡ錠２５ｍｇ,620004915.0,"""Medication""",1.0,錠,１日１回朝食後に,アルダクトン
アルダクトンＡ錠５０ｍｇ,612130039.0,"""Medication""",1.0,錠,１日１回朝食後に,アルダクトン
アルドステロン,160034110.0,"""Examination""",1.0,回,-,アルドステロン
アルファカルシドールカプセル０．２５μｇ「サワイ」,620675904.0,"""Medication""",1.0,カプセル,１日１回朝食後に,アルファカルシドールカプセル
アルファカルシドールカプセル１μｇ「サワイ」,620676806.0,"""Medication""",2.0,カプセル,１日１回朝食後に,アルファカルシドールカプセル
アルファカルシドール錠０．５μｇ「アメル」,620675601.0,"""Medication""",1.0,錠,１日１回朝食後に,アルファカルシドール
アルファカルシドール１μｇ錠,610461014.0,"""Medication""",1.0,錠,１日１回朝食後に,アルファカルシドール
アルブミン定量（尿）,160004810.0,"""Examination""",1,回,-,アルブミン
アレグラ錠６０ｍｇ,610443040.0,"""Medication""",1.0,錠,１日２回朝夕食後に,アレグラ
アレジオンＬＸ点眼液０．１％,622695901.0,"""Medication""",5.0,ｍＬ,医師の指示通りに,アレジオン
アレルギー性鼻炎免疫療法治療管理料（１月目）,113036810.0,"""Control""",1,回,-,性鼻炎免疫療法治療管理料
アレルギー性鼻炎免疫療法治療管理料（２月目以降）,113036910.0,"""Control""",1.0,回,-,性鼻炎免疫療法治療管理料
アレロック錠５　５ｍｇ,610443067.0,"""Medication""",1.0,錠,１日２回朝夕食後に,アレロック
アレンドロン酸錠３５ｍｇ「アメル」,622091401.0,"""Medication""",1,錠,週１回,アレンドロン
アロチノロール塩酸塩錠１０ｍｇ「ＤＳＰ」,620255302.0,"""Medication""",1.0,錠,１日１回朝食後に,アロチノロール
アロプリノール錠１００ｍｇ「アメル」,620003074.0,"""Medication""",1.0,錠,１日１回朝食後に,アロプリノール
アロプリノール錠１００ｍｇ「ケミファ」,620856215.0,"""Medication""",1,錠,１日１回朝食後に,アロプリノール
アロプリノール１００ｍｇ錠,622310800.0,"""Medication""",1.0,錠,１日１回朝食後に,アロプリノール
アローゼン顆粒,620491801.0,"""Medication""",1.0,ｇ,１日１回夕食後に,アローゼン
アンテベートクリーム０．０５％,620008964.0,"""Medication""",10.0,ｇ,背中に,アンテベートクリーム
アンブロキソール塩酸塩徐放ＯＤ錠４５ｍｇ「サワイ」,622356201.0,"""Medication""",1,錠,１日１回朝食後に,アンブロキソール
アンブロキソール塩酸塩錠１５ｍｇ「サワイ」,620004924.0,"""Medication""",1.0,錠,１日３回毎食後に,アンブロキソール
アンブロキソール塩酸塩錠１５ｍｇ「杏林」,620389454.0,"""Medication""",1,錠,１日３回毎食後に,アンブロキソール
アーチスト錠２．５ｍｇ,610462040.0,"""Medication""",2.0,錠,１日１回朝食後に,アーチスト
イグザレルト錠１０ｍｇ,622068301.0,"""Medication""",1.0,錠,１日１回朝食後に,イグザレルト
イグザレルト錠１５ｍｇ,622068401.0,"""Medication""",1.0,錠,１日１回朝食後に,イグザレルト
イコサペント酸エチル粒状カプセル９００ｍｇ「日医工」,620007898.0,"""Medication""",1.0,包,１日２回朝夕食後に,イコサペント
イソジンガーグル液７％,620008969.0,"""Medication""",30,ｍＬ,★１日２〜３回お使い下さい,イソジンガーグル
イナビル吸入粉末剤２０ｍｇ,622012101.0,"""Medication""",2,キット,医師の指示通りに,吸入粉末剤
イニシンク配合錠,622517101.0,"""Medication""",1,錠,１日１回朝食後に,イニシンク
イブプロフェン錠１００ｍｇ「タイヨー」,620090601.0,"""Medication""",2,錠,発熱時又は痛む時に,イブプロフェン
イミグラン錠５０　５０ｍｇ,610451012.0,"""Medication""",1.0,錠,頭痛時に,イミグラン
イリボー錠５μｇ,620008436.0,"""Medication""",1.0,錠,１日１回朝食後に,イリボー
イリボーＯＤ錠２．５μｇ,622267601.0,"""Medication""",1.0,錠,１日１回朝食後に,イリボー
イルベサルタン錠１００ｍｇ「オーハラ」,622594201.0,"""Medication""",1.0,錠,１日１回朝食後に,イルベサルタン
イルベサルタン錠５０ｍｇ「ニプロ」,622601701.0,"""Medication""",1,錠,１日１回朝食後に,イルベサルタン
インクレミンシロップ５％,620005924.0,"""Medication""",5.0,ｍＬ,１日２回朝夕食後に,インクレミンシロップ
インスリン　グラルギンＢＳ注カート「リリー」　３００単位,622410901.0,"""HomeCare""",5.0,筒,-,インスリングラルギン
インスリン　グラルギンＢＳ注ミリオペン「リリー」　３００単位,622411001.0,"""HomeCare""",1.0,キット,-,インスリングラルギン
インスリン　リスプロＢＳ注カート　ＨＵ「サノフィ」　３００単位,629907401.0,"""HomeCare""",2.0,筒,-,インスリンリスプロ
インスリン　リスプロＢＳ注ソロスターＨＵ「サノフィ」　３００単位,629907501.0,"""HomeCare""",2.0,キット,-,インスリンリスプロ
インスリン　リスプロＢＳ注１００単位／ｍＬ　ＨＵ「サノフィ」,629907301.0,"""HomeCare""",20.0,ｍＬＶ,-,インスリンリスプロ
インドメタシンパップ７０ｍｇ「三友」　１０ｃｍ×１４ｃｍ,621936501.0,"""Medication""",63.0,枚,腰に,インドメタシンパップ
インフリーＳカプセル２００ｍｇ,610406402.0,"""Medication""",1,カプセル,１日２回朝夕食後に,インフリー
インフルエンザウイルス抗原定性,160169450.0,"""Examination""",1.0,回,-,インフルエンザウイルス
ウ　一旦帰宅し、後刻又は後日検査、画像診断、手術等を受けに来院,820100003.0,"""Comment""",-,-,-,一旦帰宅
ウリアデック錠２０ｍｇ,622265801.0,"""Medication""",1,錠,１日２回朝夕食後に,ウリアデック
ウリアデック錠４０ｍｇ,622265901.0,"""Medication""",1,錠,１日２回朝夕食後に,ウリアデック
ウルソデオキシコール酸錠１００ｍｇ「ＪＧ」,620495102.0,"""Medication""",1,錠,１日３回毎食後に,ウルソデオキシコール
エクア錠５０ｍｇ,621980701.0,"""Medication""",1.0,錠,１日２回朝夕食後に,エクア
エクメット配合錠ＨＤ,622450401.0,"""Medication""",1.0,錠,１日２回朝夕食後に,エクメット
エクメット配合錠ＬＤ,622450301.0,"""Medication""",1.0,錠,１日２回朝夕食後に,エクメット
エゼチミブ錠１０ｍｇ「アメル」,622808201.0,"""Medication""",1.0,錠,１日１回朝食後に,エゼチミブ
エゼチミブＯＤ錠１０ｍｇ「トーワ」,622789701.0,"""Medication""",1.0,錠,１日１回朝食後に,エゼチミブ
エタノールスプレーボトル　１本,59000021.0,"""HomeCare""",1.0,箱,-,エタノールスプレーボトル
エチゾラム錠０．５ｍｇ「アメル」,620148701.0,"""Medication""",1.0,錠,１日１回就寝前に,エチゾラム
エックスフォージ配合錠,621980801.0,"""Medication""",1.0,錠,１日１回朝食後に,エックスフォージ
エディロールカプセル０．５μｇ,622042502.0,"""Medication""",1.0,カプセル,★１日おきに、お飲み下さい。,エディロールカプセル
エディロールカプセル０．７５μｇ,622042602.0,"""Medication""",1.0,カプセル,１日１回朝食後に,エディロールカプセル
エナラプリルマレイン酸塩錠１０ｍｇ「サワイ」,621890901.0,"""Medication""",1.0,錠,１日１回朝食後に,エナラプリルマレイン
エナラプリルマレイン酸塩錠１０ｍｇ「日新」,621573701.0,"""Medication""",1.0,錠,１日１回朝食後に,エナラプリルマレイン
エナラプリルマレイン酸塩錠２．５ｍｇ「サワイ」,621401401.0,"""Medication""",1.0,錠,１日１回朝食後に,エナラプリルマレイン
エナラプリルマレイン酸塩錠２．５ｍｇ「ファイザー」,621243302.0,"""Medication""",1.0,錠,１日１回朝食後に,エナラプリルマレイン
エナラプリルマレイン酸塩錠５ｍｇ「サワイ」,621401701.0,"""Medication""",1.0,錠,１日１回朝食後に,エナラプリルマレイン
エナラプリルマレイン酸塩錠５ｍｇ「トーワ」,621401501.0,"""Medication""",1.0,錠,１日１回朝食後に,エナラプリルマレイン
エナロイ錠２ｍｇ,622829501.0,"""Medication""",1.0,錠,１日１回就寝前に,エナロイ
エパデールＳ６００　６００ｍｇ,610421344.0,"""Medication""",1.0,包,１日１回夕食後に,エパデール
エパデールＳ９００　９００ｍｇ,620001924.0,"""Medication""",1.0,包,１日２回朝夕食後に,エパデール
エパルレスタット錠５０ｍｇ「ファイザー」,622088001.0,"""Medication""",1.0,錠,１日３回毎食前に,エパルレスタット
エパルレスタット錠５０ｍｇ「ＹＤ」,620002668.0,"""Medication""",1.0,錠,１日３回毎食直前に,エパルレスタット
エピナスチン塩酸塩錠２０ｍｇ「ＶＴＲＳ」,622088203.0,"""Medication""",1,錠,１日１回就寝前に,エピナスチン
エピナスチン塩酸塩２０ｍｇ錠,622311300.0,"""Medication""",1.0,錠,１日１回就寝前に,エピナスチン
エフィエント錠３．７５ｍｇ,622336601.0,"""Medication""",1.0,錠,１日１回朝食後に,エフィエント
エベレンゾ錠５０ｍｇ,622696601.0,"""Medication""",1.0,錠,１日１回夕食後に,エベレンゾ
エペリゾン塩酸塩錠５０ｍｇ「あすか」,620193101.0,"""Medication""",1.0,錠,１日３回毎食後に,エペリゾン
エリキュース錠２．５ｍｇ,622224901.0,"""Medication""",1.0,錠,１日２回朝夕食後に,エリキュース
エリキュース錠５ｍｇ,622225001.0,"""Medication""",1,錠,１日２回朝夕食後に,エリキュース
エリスロポエチン,160125650.0,"""Examination""",1.0,回,-,エリスロポエチン
エルデカルシトールカプセル０．７５μｇ「サワイ」,622811601.0,"""Medication""",1.0,カプセル,１日１回朝食後に,エルデカルシトールカプセル
エルデカルシトールカプセル０．７５μｇ「日医工」,622788101.0,"""Medication""",1,カプセル,１日１回朝食後に,エルデカルシトールカプセル
エレトリプタン錠２０ｍｇ「サンド」,622661301.0,"""Medication""",1.0,錠,頭痛時に,エレトリプタン
エンレスト錠１００ｍｇ,622821001.0,"""Medication""",1,錠,１日２回朝夕食後に,エンレスト
エンレスト錠２００ｍｇ,622821101.0,"""Medication""",1,錠,１日１回夕食後に,エンレスト
エンレスト錠５０ｍｇ,622820901.0,"""Medication""",1.0,錠,１日２回朝夕食後に,エンレスト
オゼンピック皮下注１．０ｍｇＳＤ　１ｍｇ０．５ｍＬ,629907901.0,"""HomeCare""",5.0,キット,-,オゼンピック
オゼンピック皮下注２ｍｇ　１．５ｍＬ,629919801.0,"""HomeCare""",1.0,キット,-,オゼンピック
オノンカプセル１１２．５ｍｇ,620003139.0,"""Medication""",1.0,カプセル,１日２回朝夕食後に,オノンカプセル
オルテクサー口腔用軟膏０．１％,620509101.0,"""Medication""",5,ｇ,医師の指示通りに,オルテクサー
オルベスコ１００μｇインヘラー１１２吸入用　１１．２ｍｇ６．６ｇ,620004889.0,"""Medication""",1.0,キット,１回１吸入１日１回,オルベスコ
オルメサルタン錠１０ｍｇ「オーハラ」,622592201.0,"""Medication""",1.0,錠,１日１回朝食後に,オルメサルタン
オルメサルタン錠２０ｍｇ「ケミファ」,622577701.0,"""Medication""",1.0,錠,１日１回夕食後に,オルメサルタン
オルメサルタン錠４０ｍｇ「アメル」,622600501.0,"""Medication""",1.0,錠,１日１回朝食後に,オルメサルタン
オルメサルタンＯＤ錠１０ｍｇ「アメル」,622593701.0,"""Medication""",1.0,錠,１日１回朝食後に,オルメサルタン
オルメサルタンＯＤ錠２０ｍｇ「アメル」,622593801.0,"""Medication""",1.0,錠,１日１回朝食後に,オルメサルタン
オルメサルタンＯＤ錠４０ｍｇ「オーハラ」,622620501.0,"""Medication""",1.0,錠,１日１回朝食後に,オルメサルタン
オルメサルタンＯＤ錠５ｍｇ「日医工」,622652101.0,"""Medication""",1.0,錠,１日１回朝食後に,オルメサルタン
オルメサルタンＯＤ錠５ｍｇ「ＤＳＥＰ」,622571101.0,"""Medication""",1.0,錠,１日１回朝食後に,オルメサルタン
オルメテックＯＤ錠２０ｍｇ,622452901.0,"""Medication""",1,錠,１日１回朝食後に,オルメテック
オロパタジン塩酸塩錠５ｍｇ「ＥＥ」,622192501.0,"""Medication""",1.0,錠,１日２回朝夕食後に,オロパタジン
オングリザ錠５ｍｇ,622245701.0,"""Medication""",1,錠,１日１回朝食後に,オングリザ
オンラインシステム利用料,95000045.0,"""OwnExpense""",1,回,-,オンラインシステム
オンライン診療の適切な実施に関する処方である（再診料）,820100818.0,"""Diagnosis""",-,-,-,オンライン
オンライン診療の適切な実施に関する処方である（初診料）,820100816.0,"""Diagnosis""",-,-,-,オンライン
オンライン診療の適切な実施に関する診療である（再診料）,820100817.0,"""Diagnosis""",-,-,-,オンライン
オンライン診療の適切な実施に関する診療である（初診料）,820100990.0,"""Diagnosis""",-,-,-,オンライン
オースギ大黄甘草湯エキスＴ錠,615101045.0,"""Medication""",2.0,錠,１日３回毎食前に,大黄甘草湯
カテコールアミン分画,160033410.0,"""Examination""",1.0,回,-,カテコールアミン
カデュエット配合錠４番,621933001.0,"""Medication""",1.0,錠,１日１回朝食後に,カデュエット
カナグル錠１００ｍｇ,622360601.0,"""Medication""",1.0,錠,１日１回朝食後に,カナグル
カナリア配合錠,622573601.0,"""Medication""",1,錠,１日１回朝食後に,カナリア
カプトリル錠２５ｍｇ,612140075.0,"""Examination""",2.0,錠,-,カプトリル
カムシア配合錠ＨＤ「あすか」,622467401.0,"""Medication""",1.0,錠,１日１回朝食後に,カムシア
カムシア配合錠ＬＤ「あすか」,622467301.0,"""Medication""",1.0,錠,１日１回夕食後に,カムシア
カリウム,160021410.0,"""Examination""",1.0,回,-,カリウム
カリウム（尿）,160132650.0,"""Examination""",1,回,-,カリウム
カリメート経口液２０％　２５ｇ,622140001.0,"""Medication""",1,包,１日２回朝夕食後に,カリメート
カルシウム,160021510.0,"""Examination""",1.0,回,-,カルシウム
カルデナリン錠１ｍｇ,612140517.0,"""Medication""",3.0,錠,１日１回朝食後に,カルデナリン
カルデナリン錠２ｍｇ,612140518.0,"""Medication""",1.0,錠,１日１回夕食後に,カルデナリン
カルバゾクロムスルホン酸ナトリウム錠３０ｍｇ「日医工」,620798523.0,"""Medication""",1,錠,１日３回毎食後に,カルバゾクロムスルホン
カルブロック錠１６ｍｇ,610470002.0,"""Medication""",1.0,錠,１日１回朝食後に,カルブロック
カルベジロール錠１０ｍｇ「アメル」,622049001.0,"""Medication""",1.0,錠,１日２回朝夕食後に,カルベジロール
カルベジロール錠１０ｍｇ「ＪＧ」,622380901.0,"""Medication""",1,錠,１日１回朝食後に,カルベジロール
カルベジロール錠２．５ｍｇ「アメル」,622500401.0,"""Medication""",2.0,錠,１日１回朝食後に,カルベジロール
カルベジロール錠２．５ｍｇ「サワイ」,622355601.0,"""Medication""",2.0,錠,１日２回朝夕食後に,カルベジロール
カルベジロール１０ｍｇ錠,622725200.0,"""Medication""",1.0,錠,１日１回朝食後に,カルベジロール
カルボシステイン錠５００ｍｇ「サワイ」,621992102.0,"""Medication""",1.0,錠,１日３回毎食後に,カルボシステイン
カロナール細粒２０％,620002022.0,"""Medication""",2,ｇ,発熱時又は痛む時に,カロナール
カロナール錠２００　２００ｍｇ,620002023.0,"""Medication""",2.0,錠,発熱時又は痛む時に,カロナール
カロナール錠３００　３００ｍｇ,620000033.0,"""Medication""",2.0,錠,１日３回毎食後に,カロナール
カロナール錠５００　５００ｍｇ,622381201.0,"""Medication""",1.0,錠,１日３回毎食後に,カロナール
カンデサルタン錠１２ｍｇ「科研」,622396401.0,"""Medication""",1.0,錠,１日１回朝食後に,カンデサルタン
カンデサルタン錠４ｍｇ「あすか」,622357901.0,"""Medication""",1.0,錠,１日１回朝食後に,カンデサルタン
カンデサルタン錠８ｍｇ「あすか」,622358001.0,"""Medication""",1.0,錠,１日１回朝食後に,カンデサルタン
ガスコン錠４０ｍｇ,612370013.0,"""Medication""",1.0,錠,１日３回毎食後に,ガスコン
ガスターＤ錠２０ｍｇ,610444042.0,"""Medication""",1.0,錠,１日１回朝食後に,ガスター
ガーダシル（横浜市子宮頸がんワクチン接種事業）,95000022.0,"""OwnExpense""",0.0,円,-,ガーダシル
ガーダシル４価（任意接種）,96000207.0,"""OwnExpense""",1.0,回,-,ガーダシル
ガーディアンセンサ３（５個入り）,59000104.0,"""HomeCare""",1.0,箱,-,ガーディアンセンサ
キサラタン点眼液０．００５％,620224801.0,"""Medication""",10,ｍＬ,１日右１回左１回,キサラタン
キネダック錠５０ｍｇ,620003143.0,"""Medication""",1,錠,１日３回毎食直前に,キネダック
キプレス錠１０ｍｇ,620006885.0,"""Medication""",1.0,錠,１日１回就寝前に,キプレス
キャブピリン配合錠,622795301.0,"""Medication""",1.0,錠,１日１回朝食後に,キャブピリン
キョウベリン錠１００　１００ｍｇ,612370022.0,"""Medication""",1.0,錠,１日３回毎食後に,キョウベリン
クエン酸第一鉄Ｎａ錠５０ｍｇ「サワイ」　鉄５０ｍｇ,620730201.0,"""Medication""",2.0,錠,１日２回朝夕食後に,酸第一鉄
クラビット錠２５０ｍｇ　（レボフロキサシンとして）,621925701.0,"""Medication""",1.0,錠,１日１回朝食後に,クラビット
クラビット錠５００ｍｇ　（レボフロキサシンとして）,621925801.0,"""Medication""",1.0,錠,１日１回朝食後に,クラビット
クラリスロマイシン錠２００ｍｇ「科研」,621736701.0,"""Medication""",1,錠,１日２回朝夕食後に,クラリスロマイシン
クレアチニン,160019210.0,"""Examination""",1.0,回,-,クレアチニン
クレアチニン（尿）,160132150.0,"""Examination""",1,回,-,クレアチニン
クレストール錠２．５ｍｇ,620002477.0,"""Medication""",1.0,錠,１日１回朝食後に,クレストール
クレストール錠５ｍｇ,620002478.0,"""Medication""",1.0,錠,１日１回朝食後に,クレストール
クレストールＯＤ錠２．５ｍｇ,622441101.0,"""Medication""",1.0,錠,１日１回朝食後に,クレストール
クレストールＯＤ錠５ｍｇ,622441201.0,"""Medication""",1.0,錠,１日１回夕食前に,クレストール
クロピドグレル硫酸塩７５ｍｇ錠,622475500.0,"""Medication""",1.0,錠,１日１回朝食後に,クロピドグレル
クロピドグレル錠７５ｍｇ「サワイ」,622430701.0,"""Medication""",1,錠,１日１回朝食後に,クロピドグレル
クロピドグレル錠７５ｍｇ「トーワ」,622413701.0,"""Medication""",1.0,錠,１日１回朝食後に,クロピドグレル
クロベタゾン酪酸エステル０．０５％軟膏,622776800.0,"""Medication""",10.0,ｇ,首に,クロベタゾン
クロロマイセチン軟膏２％　２０ｍｇ,662630009.0,"""Medication""",25,ｇ,頭に,クロロマイセチン
グラクティブ錠１００ｍｇ,621970801.0,"""Medication""",1.0,錠,１日１回朝食後に,グラクティブ
グラクティブ錠２５ｍｇ,621970601.0,"""Medication""",1.0,錠,１日１回朝食後に,グラクティブ
グラクティブ錠５０ｍｇ,621970701.0,"""Medication""",1.0,錠,１日１回朝食後に,グラクティブ
グリコアルブミン,160151050.0,"""Examination""",1.0,回,-,グリコアルブミン
グリミクロンＨＡ錠２０ｍｇ,620002031.0,"""Medication""",1,錠,１日１回朝食後に,グリミクロン
グリメピリド錠０．５ｍｇ「アメル」,622144001.0,"""Medication""",1.0,錠,１日１回朝食後に,グリメピリド
グリメピリド錠１ｍｇ「アメル」,622000601.0,"""Medication""",1,錠,１日１回朝食後に,グリメピリド
グリメピリド錠１ｍｇ「トーワ」,622013501.0,"""Medication""",1.0,錠,１日１回朝食後に,グリメピリド
グリメピリドＯＤ錠０．５ｍｇ「日医工」,622271101.0,"""Medication""",1.0,錠,１日１回朝食後に,グリメピリド
グルコース,160019410.0,"""Examination""",1.0,回,-,グルコース
グルファスト錠１０ｍｇ,620001908.0,"""Medication""",1.0,錠,１日２回朝夕食直前に,グルファスト
グルファスト錠５ｍｇ,620001907.0,"""Medication""",1.0,錠,１日３回毎食直前に,グルファスト
グルベス配合錠,622053601.0,"""Medication""",1.0,錠,１日３回毎食直前に,グルベス
グルベス配合ＯＤ錠,622671001.0,"""Medication""",1,錠,１日３回毎食直前に,グルベス
グローミン１０ｇ／本,96000024.0,"""OwnExpense""",1.0,回,-,グローミン
グーフィス錠５ｍｇ,622564801.0,"""Medication""",1.0,錠,１日１回夕食前に,グーフィス
ケトチフェン点眼液０．０５％「ＳＷ」　３．４５ｍｇ５ｍＬ,620222501.0,"""Medication""",3.0,瓶,１日右４回左４回,ケトチフェン
ケトプロフェンテープ４０ｍｇ「杏林」　１０ｃｍ×１４ｃｍ,622443301.0,"""Medication""",56.0,枚,肩に,ケトプロフェンテープ
ケフラールカプセル２５０ｍｇ,616130110.0,"""Medication""",1.0,カプセル,１日３回毎食後に,ケフラールカプセル
ケラチナミンコーワクリーム２０％,620665402.0,"""Medication""",20.0,ｇ,手に,ケラチナミンコーワクリーム
ケルロング錠５ｍｇ,612140700.0,"""Medication""",1.0,錠,１日１回朝食後に,ケルロング
ケレンディア錠１０ｍｇ,622911101.0,"""Medication""",1.0,錠,１日１回朝食後に,ケレンディア
ケレンディア錠２０ｍｇ,622911201.0,"""Medication""",1,錠,１日１回朝食後に,ケレンディア
コデインリン酸塩散１％,610462034.0,"""Medication""",2,ｇ,１日３回毎食後に,コデインリン
コニール錠４　４ｍｇ,612170663.0,"""Medication""",1.0,錠,１日２回朝夕食後に,コニール
コルチゾール,160034010.0,"""Examination""",1.0,回,-,コルチゾール
コルヒチン錠０．５ｍｇ「タカタ」,621973601.0,"""Medication""",1,錠,１日３回毎食後に,コルヒチン
コレクチム軟膏０．５％,622784201.0,"""Medication""",15,ｇ,１日２回お使い下さい。,コレクチム
コレバインミニ８３％,610462007.0,"""Medication""",0.905,ｇ,１日２回朝夕食前に,コレバインミニ
コレバイン錠５００ｍｇ,610432003.0,"""Medication""",3.0,錠,１日２回朝夕食前に,コレバイン
コロネル錠５００ｍｇ,610443028.0,"""Medication""",1.0,錠,１日３回毎食後に,コロネル
コントミン糖衣錠１２．５ｍｇ,611170713.0,"""Medication""",1,錠,１日３回毎食後に,コントミン
コートリル錠１０ｍｇ,620006903.0,"""Medication""",1.0,錠,１日１回朝食後に,コートリル
サイログロブリン,160034210.0,"""Examination""",1,回,-,サイログロブリン
サインバルタカプセル２０ｍｇ,621978201.0,"""Medication""",1.0,カプセル,１日１回朝食後に,サインバルタカプセル
サルタノールインヘラー１００μｇ　０．１６％１３．５ｍＬ,620008998.0,"""Medication""",1,瓶,★医師の指示通りにお使い下さい,サルタノールインヘラー
サワシリンカプセル２５０　２５０ｍｇ,620006919.0,"""Medication""",1.0,カプセル,１日３回毎食後に,サワシリンカプセル
サンコバ点眼液０．０２％　５ｍＬ,620005266.0,"""Medication""",4,瓶,１日右４回左４回,サンコバ
ザイザル錠５ｍｇ,622036701.0,"""Medication""",1.0,錠,１日１回就寝前に,ザイザル
ザイロリック錠１００　１００ｍｇ,610463077.0,"""Medication""",1.0,錠,１日１回朝食後に,ザイロリック
ザクラス配合錠ＨＤ,622341701.0,"""Medication""",1.0,錠,１日１回朝食後に,ザクラス
ザクラス配合錠ＬＤ,622341801.0,"""Medication""",1,錠,１日１回朝食後に,ザクラス
ザファテック錠１００ｍｇ,622415501.0,"""Medication""",1.0,錠,週１回,ザファテック
ザルティア錠５ｍｇ,622306501.0,"""Medication""",1.0,錠,１日１回朝食後に,ザルティア
シアノコバラミン点眼液０．０２％「ニットー」　５ｍＬ,621467201.0,"""Medication""",2,瓶,１日右１回左１回,シアノコバラミン
シアリス２０ｍｇ錠,96000302.0,"""OwnExpense""",1.0,回,-,シアリス
シグマート錠５ｍｇ,612170456.0,"""Medication""",1.0,錠,１日３回毎食後に,シグマート
シダキュアスギ花粉舌下錠２，０００ＪＡＵ,622626901.0,"""Medication""",1,錠,１日１回朝食後に,シダキュアスギ
シダキュアスギ花粉舌下錠５，０００ＪＡＵ,622627001.0,"""Medication""",1.0,錠,１日１回朝食後に,シダキュアスギ
シナール配合錠,620721301.0,"""Medication""",1.0,錠,１日３回毎食後に,シナール
シナール配合顆粒,620720901.0,"""Medication""",1.0,ｇ,１日３回毎食後に,シナール
シナール３錠３０日分,96000401.0,"""OwnExpense""",1.0,回,-,シナール
シムビコートタービュヘイラー６０吸入,621950801.0,"""Medication""",1,キット,１回１吸入１日２回朝夕に,シムビコートタービュヘイラー
シュアポスト錠０．２５ｍｇ,622040901.0,"""Medication""",1.0,錠,１日３回毎食直前に,シュアポスト
シュアポスト錠０．５ｍｇ,622041001.0,"""Medication""",1.0,錠,１日３回毎食直前に,シュアポスト
シルガード（女性・公費）,95000021.0,"""OwnExpense""",0,円,-,シルガード
シルガード（９価）,96000199.0,"""OwnExpense""",1.0,回,-,シルガード
シルデナフィル５０ｍｇＯＤ錠　レモン風味,96000301.0,"""OwnExpense""",2,回,-,シルデナフィル
シルニジピン錠２０ｍｇ「サワイ」,622519901.0,"""Medication""",1.0,錠,１日１回朝食後に,シルニジピン
シルニジピン錠５ｍｇ「サワイ」,620009318.0,"""Medication""",1,錠,１日２回朝夕食後に,シルニジピン
シロスタゾール内服ゼリー１００ｍｇ「ＥＥ」,621524002.0,"""Medication""",1.0,包,１日２回朝夕食後に,シロスタゾール
シロスタゾール錠１００ｍｇ「ケミファ」,621315002.0,"""Medication""",1,錠,１日２回朝夕食直前に,シロスタゾール
シロスタゾールＯＤ錠１００ｍｇ「ケミファ」,622334201.0,"""Medication""",1.0,錠,１日２回朝夕食後に,シロスタゾール
シロスタゾールＯＤ錠５０ｍｇ「ケミファ」,622334101.0,"""Medication""",1.0,錠,１日２回朝夕食後に,シロスタゾール
シロドシン錠４ｍｇ「トーワ」,622790101.0,"""Medication""",1.0,錠,１日２回朝夕食後に,シロドシン
ジクアス点眼液３％　５ｍＬ,621985701.0,"""Medication""",3.0,瓶,医師の指示通りに,ジクアス
ジクロフェナクナトリウムテープ１５ｍｇ「ユートク」　７×１０ｃｍ,620005739.0,"""Medication""",56.0,枚,１回　個医師の指示通りに,ジクロフェナクナトリウムテープ
ジスロマック錠２５０ｍｇ,610443026.0,"""Medication""",2.0,錠,１日１回朝食後に,ジスロマック
ジメチコン錠８０ｍｇ「ホリイ」,622083302.0,"""Medication""",1,錠,１日２回朝夕食後に,ジメチコン
ジャディアンス錠１０ｍｇ,622401201.0,"""Medication""",1.0,錠,１日１回朝食後に,ジャディアンス
ジャディアンス錠２５ｍｇ,622401301.0,"""Medication""",1.0,錠,１日１回朝食後に,ジャディアンス
ジャヌビア錠１００ｍｇ,621951101.0,"""Medication""",1.0,錠,１日１回朝食後に,ジャヌビア
ジャヌビア錠２５ｍｇ,621950901.0,"""Medication""",1.0,錠,１日１回朝食後に,ジャヌビア
ジャヌビア錠５０ｍｇ,621951001.0,"""Medication""",1.0,錠,１日１回朝食後に,ジャヌビア
ジルチアゼム塩酸塩徐放カプセル１００ｍｇ「日医工」,620307702.0,"""Medication""",1.0,カプセル,１日１回夕食後に,ジルチアゼム
ジルテック錠５　５ｍｇ,610421326.0,"""Medication""",1.0,錠,１日１回就寝前に,ジルテック
ジルムロ配合錠ＨＤ「サワイ」,622858901.0,"""Medication""",1.0,錠,１日１回朝食後に,ジルムロ
ジルムロ配合錠ＬＤ「サワイ」,622858801.0,"""Medication""",1.0,錠,１日１回朝食後に,ジルムロ
スイニー錠１００ｍｇ,622201701.0,"""Medication""",1.0,錠,１日２回朝夕食後に,スイニー
スターシス錠９０ｍｇ,610432027.0,"""Medication""",1.0,錠,１日３回毎食直前に,スターシス
ストミンＡ配合錠,621507901.0,"""Medication""",1.0,錠,１日３回毎食後に,ストミン
ストラテラカプセル１０ｍｇ,621926201.0,"""Medication""",3,カプセル,１日２回朝夕食後に,ストラテラカプセル
スピリーバ２．５μｇレスピマット６０吸入　１５０μｇ,621984201.0,"""Medication""",2.0,キット,★医師の指示通りにお使い下さい,レスピマット
スピロノラクトン錠２５ｍｇ「杏林」,620266148.0,"""Medication""",1.0,錠,１日１回朝食後に,スピロノラクトン
スピロノラクトン錠５０ｍｇ「ＣＨ」,620266413.0,"""Medication""",1.0,錠,１日１回朝食後に,スピロノラクトン
スマトリプタン錠５０ｍｇ「アメル」,622201001.0,"""Medication""",1.0,錠,頭痛時に,スマトリプタン
スーグラ錠２５ｍｇ,622306601.0,"""Medication""",1.0,錠,１日１回朝食後に,スーグラ
スーグラ錠５０ｍｇ,622306701.0,"""Medication""",2.0,錠,１日１回朝食後に,スーグラ
スージャヌ配合錠,622625702.0,"""Medication""",1.0,錠,１日１回朝食後に,スージャヌ
セイブル錠５０ｍｇ,620003128.0,"""Medication""",1.0,錠,１日３回毎食直前に,セイブル
セパゾン錠１　１ｍｇ,611170159.0,"""Medication""",1,錠,１日１回就寝前に,セパゾン
セファドール錠２５ｍｇ,620006958.0,"""Medication""",1.0,錠,１日３回毎食後に,セファドール
セフゾンカプセル１００ｍｇ,616130532.0,"""Medication""",1,カプセル,１日３回毎食後に,セフゾンカプセル
セララ錠１００ｍｇ,620005826.0,"""Medication""",1.0,錠,１日１回朝食後に,セララ
セララ錠２５ｍｇ,620005824.0,"""Medication""",1.0,錠,１日１回朝食後に,セララ
セララ錠５０ｍｇ,620005825.0,"""Medication""",1.0,錠,１日１回朝食後に,セララ
セルベックスカプセル５０ｍｇ,612320346.0,"""Medication""",1.0,カプセル,１日３回毎食後に,セルベックスカプセル
セレコキシブ錠１００ｍｇ「アメル」,622808901.0,"""Medication""",1.0,錠,１日２回朝夕食後に,セレコキシブ
セレニカＲ錠２００ｍｇ,620002054.0,"""Medication""",1.0,錠,１日２回朝食後及び就寝前に,セレニカ
センノシド錠１２ｍｇ「クニヒロ」,622263901.0,"""Medication""",1.0,錠,１日１回就寝前に,センノシド
センノシド錠１２ｍｇ「サワイ」,620480601.0,"""Medication""",1.0,錠,１日１回夕食後に,センノシド
センノシド錠１２ｍｇ「サンド」,620480402.0,"""Medication""",1.0,錠,１日１回就寝前に,センノシド
ゼチーア錠１０ｍｇ,620004868.0,"""Medication""",1.0,錠,１日１回朝食後に,ゼチーア
ソラナックス０．４ｍｇ錠,611170508.0,"""Medication""",1.0,錠,１日１回就寝前に,ソラナックス
ソリフェナシンコハク酸塩ＯＤ錠５ｍｇ「トーワ」,622852601.0,"""Medication""",1.0,錠,１日１回夜に,ソリフェナシンコハク
ゾルトファイ配合注フレックスタッチ,629900701.0,"""HomeCare""",1.0,キット,-,フレックスタッチ
ゾルピデム酒石酸塩錠１０ｍｇ「タカタ」,622145201.0,"""Medication""",1.0,錠,１日１回就寝前に,ゾルピデム
ゾルピデム酒石酸塩錠５ｍｇ「トーワ」,622141901.0,"""Medication""",1.0,錠,１日１回就寝前に,ゾルピデム
ゾルピデム酒石酸塩錠５ｍｇ「明治」,622134101.0,"""Medication""",1.0,錠,１日１回就寝前に,ゾルピデム
タケキャブ錠１０ｍｇ,622404401.0,"""Medication""",1.0,錠,１日１回朝食後に,タケキャブ
タケキャブ錠２０ｍｇ,622404501.0,"""Medication""",1.0,錠,１日１回朝食後に,タケキャブ
タケプロンＯＤ錠１５　１５ｍｇ,610462010.0,"""Medication""",1.0,錠,１日１回就寝前に,タケプロン
タケルダ配合錠,622341601.0,"""Medication""",1.0,錠,１日１回朝食後に,タケルダ
タダラフィル２０ｍｇＯＤ錠（シアリス後発品）,96000300.0,"""OwnExpense""",4.0,回,-,タダラフィル
タチオン１００ｍｇ　３錠　３０日分,96000405.0,"""OwnExpense""",3.0,回,-,タチオン
タナトリル錠２．５　２．５ｍｇ,612140711.0,"""Medication""",1.0,錠,１日１回朝食後に,タナトリル
タミフルカプセル７５　７５ｍｇ,610443074.0,"""Medication""",1.0,カプセル,１日２回朝夕食後に,タミフルカプセル
タムスロシン塩酸塩ＯＤ錠０．２ｍｇ「サワイ」,621917301.0,"""Medication""",1.0,錠,１日１回朝食後に,タムスロシン
タリオン錠１０ｍｇ,620006971.0,"""Medication""",1.0,錠,１日２回朝夕食後に,タリオン
タリージェ錠１０ｍｇ,622669901.0,"""Medication""",1.0,錠,１日２回朝夕食後に,タリージェ
タリージェ錠２．５ｍｇ,622669701.0,"""Medication""",1,錠,１日２回朝夕食後に,タリージェ
タリージェ錠５ｍｇ,622669801.0,"""Medication""",1.0,錠,１日１回就寝前に,タリージェ
ダイアート錠３０ｍｇ,612130353.0,"""Medication""",1.0,錠,１日１回朝食後に,ダイアート
ダイアート錠６０ｍｇ,610454048.0,"""Medication""",1.0,錠,１日１回朝食後に,ダイアート
チウラジール錠５０ｍｇ,620009232.0,"""Medication""",1.0,錠,★１日おきに、お飲み下さい。,チウラジール
チザニジン錠１ｍｇ「アメル」,621228117.0,"""Medication""",1.0,錠,１日３回毎食後に,チザニジン
チラーヂンＳ錠１００μｇ,621283702.0,"""Medication""",1.0,錠,１日１回朝食後に,チラーヂン
チラーヂンＳ錠１２．５μｇ,622169401.0,"""Medication""",1.0,錠,１日１回朝食後に,チラーヂン
チラーヂンＳ錠２５μｇ,620516002.0,"""Medication""",1.0,錠,１日１回朝食後に,チラーヂン
チラーヂンＳ錠５０μｇ,620515902.0,"""Medication""",1.0,錠,１日１回朝食後に,チラーヂン
チラーヂンＳ錠７５μｇ,622169701.0,"""Medication""",1.0,錠,１日１回朝食後に,チラーヂン
ツイミーグ錠５００ｍｇ,622869901.0,"""Medication""",2.0,錠,１日２回朝夕食後に,ツイミーグ
ツムラ五苓散エキス顆粒（医療用）,615101428.0,"""Medication""",2.5,ｇ,１日２回朝夕食前に,ツムラ
ツムラ六君子湯エキス顆粒（医療用）,615101512.0,"""Medication""",2.5,ｇ,１日３回毎食前に,六君子湯
ツムラ加味帰脾湯エキス顆粒（医療用）,615101408.0,"""Medication""",2.5,ｇ,１日３回毎食前に,加味帰脾湯
ツムラ加味逍遙散エキス顆粒（医療用）,615101409.0,"""Medication""",2.5,ｇ,１日２回朝夕食前に,加味逍遙散
ツムラ半夏厚朴湯エキス顆粒（医療用）,615101494.0,"""Medication""",2.5,ｇ,１日２回朝夕食前に,半夏厚朴湯
ツムラ呉茱萸湯エキス顆粒（医療用）,615101425.0,"""Medication""",2.5,ｇ,１日２回朝夕食前に,呉茱萸湯
ツムラ大建中湯エキス顆粒（医療用）,615101469.0,"""Medication""",2.5,ｇ,１日２回朝夕食前に,大建中湯
ツムラ小青竜湯エキス顆粒（医療用）,615101453.0,"""Medication""",3.0,ｇ,１日１回朝食前に,小青竜湯
ツムラ当帰芍薬散エキス顆粒（医療用）,615101484.0,"""Medication""",2.5,ｇ,１日２回朝夕食前に,当帰芍薬散
ツムラ抑肝散エキス顆粒（医療用）,615101510.0,"""Medication""",2.5,ｇ,１日２回朝夕食前に,ツムラ
ツムラ抑肝散加陳皮半夏エキス顆粒（医療用）,615101511.0,"""Medication""",2.5,ｇ,１日２回朝夕食後に,抑肝散加陳皮半夏
ツムラ柴胡加竜骨牡蛎湯エキス顆粒（医療用）,615101430.0,"""Medication""",2.5,ｇ,１日２回朝夕食前に,柴胡加竜骨牡蛎湯
ツムラ柴苓湯エキス顆粒（医療用）,615101435.0,"""Medication""",3.0,ｇ,１日３回毎食前に,ツムラ
ツムラ桂枝加竜骨牡蛎湯エキス顆粒（医療用）,615101419.0,"""Medication""",2.5,ｇ,１日２回朝夕食前に,桂枝加竜骨牡蛎湯
ツムラ桃核承気湯エキス顆粒（医療用）,615101480.0,"""Medication""",2.5,ｇ,１日２回朝夕食前に,桃核承気湯
ツムラ清暑益気湯エキス顆粒（医療用）,615101462.0,"""Medication""",2.5,ｇ,１日２回朝夕食前に,清暑益気湯
ツムラ清肺湯エキス顆粒（医療用）,615101464.0,"""Medication""",3,ｇ,１日２回朝夕食後に,ツムラ
ツムラ牛車腎気丸エキス顆粒（医療用）,615101414.0,"""Medication""",2.5,ｇ,１日２回朝夕食前に,牛車腎気丸
ツムラ猪苓湯エキス顆粒（医療用）,615101477.0,"""Medication""",2.5,ｇ,１日３回毎食前に,ツムラ
ツムラ疎経活血湯エキス顆粒（医療用）,615101466.0,"""Medication""",2.5,ｇ,１日２回朝夕食前に,疎経活血湯
ツムラ芍薬甘草湯エキス顆粒（医療用）,615101446.0,"""Medication""",2.5,ｇ,１日１回就寝前に,芍薬甘草湯
ツムラ苓桂朮甘湯エキス顆粒（医療用）,615101516.0,"""Medication""",2.5,ｇ,１日２回朝夕食前に,苓桂朮甘湯
ツムラ補中益気湯エキス顆粒（医療用）,615101503.0,"""Medication""",2.5,ｇ,１日２回朝夕食前に,補中益気湯
ツムラ防已黄耆湯エキス顆粒（医療用）,615101501.0,"""Medication""",2.5,ｇ,１日２回朝夕食前に,防已黄耆湯
ツムラ防風通聖散エキス顆粒（医療用）,615101502.0,"""Medication""",2.5,ｇ,１日２回朝夕食前に,防風通聖散
ツムラ麦門冬湯エキス顆粒（医療用）,615101492.0,"""Medication""",3.0,ｇ,１日２回朝夕食前に,麦門冬湯
ツムラ麻子仁丸エキス顆粒（医療用）,615101507.0,"""Medication""",2.5,ｇ,１日２回朝夕食前に,麻子仁丸
ツムラ麻黄湯エキス顆粒（医療用）,615101504.0,"""Medication""",2.5,ｇ,１日２回朝夕食前に,ツムラ
テストステロン,160033910.0,"""Examination""",1.0,回,-,テストステロン
テストステロンエナント酸エステル筋注２５０ｍｇ「Ｆ」　１ｍＬ,620532406.0,"""Injection""",1.0,管,-,テストステロンエナント
テネリア錠２０ｍｇ,622182601.0,"""Medication""",1.0,錠,１日１回朝食後に,テネリア
テネリア錠４０ｍｇ,622660601.0,"""Medication""",1.0,錠,１日１回朝食後に,テネリア
テノーミン錠２５　２５ｍｇ,620002066.0,"""Medication""",1.0,錠,１日１回朝食後に,テノーミン
テラムロ配合錠ＡＰ「サワイ」,622558601.0,"""Medication""",1.0,錠,１日１回朝食後に,テラムロ
テラムロ配合錠ＢＰ「ＤＳＥＰ」,622535201.0,"""Medication""",1,錠,１日１回朝食後に,ＤＳＥＰ
テラ・コートリル軟膏,662640163.0,"""Medication""",10.0,ｇ,足に,コートリル
テリルジー１００エリプタ３０吸入用,622678901.0,"""Medication""",2.0,キット,１日１回お使い下さい。,テリルジー
テルチア配合錠ＡＰ「サワイ」,622558801.0,"""Medication""",1.0,錠,１日１回朝食後に,テルチア
テルチア配合錠ＢＰ「ＤＳＥＰ」,622535401.0,"""Medication""",1.0,錠,１日１回朝食後に,ＤＳＥＰ
テルミサルタン錠２０ｍｇ「オーハラ」,622551501.0,"""Medication""",1.0,錠,１日１回朝食後に,テルミサルタン
テルミサルタン錠４０ｍｇ「オーハラ」,622551601.0,"""Medication""",1.0,錠,１日１回朝食後に,テルミサルタン
テルミサルタン錠４０ｍｇ「サワイ」,622558401.0,"""Medication""",1,錠,１日２回朝夕食後に,テルミサルタン
テルミサルタン錠８０ｍｇ「オーハラ」,622551701.0,"""Medication""",1.0,錠,１日１回夕食前に,テルミサルタン
テルミサルタン２０ｍｇ錠,622613800.0,"""Medication""",1.0,錠,１日１回朝食後に,テルミサルタン
テルミサルタン４０ｍｇ錠,622614000.0,"""Medication""",1.0,錠,１日１回朝食後に,テルミサルタン
テルミサルタンＯＤ錠４０ｍｇ「サワイ」,622558201.0,"""Medication""",1.0,錠,１日１回朝食後に,テルミサルタン
ディオバン錠１６０ｍｇ,620002422.0,"""Medication""",1.0,錠,１日１回朝食後に,ディオバン
ディオバン錠４０ｍｇ,610443043.0,"""Medication""",1,錠,１日１回朝食後に,ディオバン
ディオバン錠８０ｍｇ,610443044.0,"""Medication""",1,錠,１日１回朝食後に,ディオバン
デエビゴ錠１０ｍｇ,622703301.0,"""Medication""",1.0,錠,１日１回就寝前に,デエビゴ
デエビゴ錠２．５ｍｇ,622703101.0,"""Medication""",1.0,錠,１日１回就寝前に,デエビゴ
デエビゴ錠５ｍｇ,622703201.0,"""Medication""",1.0,錠,１日１回就寝前に,デエビゴ
デザレックス錠５ｍｇ,622514901.0,"""Medication""",1.0,錠,１日１回就寝前に,デザレックス
デスモプレシン点鼻スプレー２．５μｇ「フェリング」　１２５μｇ,620515202.0,"""Medication""",10,瓶,鼻に医師の指示通り,デスモプレシン
デタントールＲ錠６ｍｇ,610407006.0,"""Medication""",1.0,錠,１日１回朝食後に,デタントール
デパス錠０．５ｍｇ,611170513.0,"""Medication""",1.0,錠,１日１回就寝前に,デパス
デパス錠１ｍｇ,611170514.0,"""Medication""",1.0,錠,１日３回毎食後に,デパス
デベルザ錠２０ｍｇ,622336801.0,"""Medication""",1.0,錠,１日１回朝食後に,デベルザ
デュアック配合ゲル,622415601.0,"""Medication""",10.0,ｇ,１日１回お使い下さい。,デュアック
デュタステリド０．５ｍｇＺＡ「トーワ」１箱３０錠,96000298.0,"""OwnExpense""",1.0,回,-,デュタステリド
トアラセット配合錠「ＤＳＥＰ」,622650101.0,"""Medication""",1.0,錠,１日３回毎食後に,トアラセット
トコフェロールニコチン酸エステルカプセル１００ｍｇ「トーワ」,620353101.0,"""Medication""",1.0,カプセル,１日３回毎食後に,トコフェロールニコチン
トピロリック錠２０ｍｇ,622266201.0,"""Medication""",1.0,錠,１日１回朝食後に,トピロリック
トラゼンタ錠５ｍｇ,622093501.0,"""Medication""",1.0,錠,１日１回朝食後に,トラゼンタ
トラディアンス配合錠ＡＰ,622655001.0,"""Medication""",1.0,錠,１日１回朝食後に,トラディアンス
トラディアンス配合錠ＢＰ,622655101.0,"""Medication""",1.0,錠,１日１回朝食後に,トラディアンス
トラネキサム酸錠２５０ｍｇ「ＹＤ」,620005047.0,"""Medication""",1,錠,１日３回毎食後に,トラネキサム
トラムセット配合錠,622081101.0,"""Medication""",1.0,錠,１日４回毎食後及び就寝前に,トラムセット
トランサミンカプセル２５０ｍｇ,620007000.0,"""Medication""",1.0,カプセル,１日３回毎食後に,トランサミンカプセル
トランサミン錠５００ｍｇ,613320130.0,"""Medication""",1,錠,１日３回毎食後に,トランサミン
トリクロルメチアジド錠２ｍｇ「イセイ」,620263001.0,"""Medication""",1.0,錠,１日１回朝食後に,トリクロルメチアジド
トリンテリックス錠１０ｍｇ,622699301.0,"""Medication""",1.0,錠,１日１回夕食後に,トリンテリックス
トルリシティ皮下注０．７５ｍｇアテオス　０．５ｍＬ,622442201.0,"""HomeCare""",5.0,キット,-,トルリシティ
トレシーバ注　フレックスタッチ　３００単位,622198901.0,"""HomeCare""",2.0,キット,-,フレックスタッチ
トレシーバ注　ペンフィル　３００単位,622199001.0,"""HomeCare""",1.0,筒,-,トレシーバ
トレーランＧ液７５ｇ　２２５ｍＬ,620007006.0,"""Examination""",1.0,瓶,-,トレーラン
トーワチーム配合顆粒,620160801.0,"""Medication""",1.0,ｇ,１日３回毎食後に,トーワチーム
ドキサゾシン錠０．５ｍｇ「ＥＭＥＣ」,622076001.0,"""Medication""",1.0,錠,１日１回就寝前に,ドキサゾシン
ドキサゾシン錠１ｍｇ「アメル」,622049601.0,"""Medication""",1.0,錠,１日１回夕食後に,ドキサゾシン
ドキサゾシン錠１ｍｇ「日医工」,621636401.0,"""Medication""",1.0,錠,１日１回就寝前に,ドキサゾシン
ドキサゾシン錠２ｍｇ「アメル」,622049701.0,"""Medication""",1.0,錠,１日１回朝食後に,ドキサゾシン
ドキサゾシン錠２ｍｇ「ＮＳ」,621631601.0,"""Medication""",2.0,錠,１日１回就寝前に,ドキサゾシン
ドクターズサプリ・プレミアムセット,96000412.0,"""OwnExpense""",2.0,回,-,ドクターズサプリ
ドネペジル塩酸塩ＯＤ錠５ｍｇ「ケミファ」,622117901.0,"""Medication""",1,錠,１日１回朝食後に,ドネペジル
ドラマミン錠５０ｍｇ,620233305.0,"""Medication""",1.0,錠,１日３回毎食後に,ドラマミン
ナウゼリン錠１０　１０ｍｇ,612390023.0,"""Medication""",1.0,錠,１日３回毎食前に,ナウゼリン
ナトリウム及びクロール,160021110.0,"""Examination""",1.0,回,-,ナトリウム
ナトリックス錠１　１ｍｇ,610463125.0,"""Medication""",1.0,錠,１日１回朝食後に,ナトリックス
ナノパスニードルＩＩナノパス３４Ｇ（０．１８ｍｍ）×４ｍｍ（１箱７０本入）,59000013.0,"""HomeCare""",1.0,箱,-,ナノパスニードル
ナノパスニードルＩＩナノパスＪｒ,59000032.0,"""HomeCare""",126.0,本,-,ナノパスニードル
ナフトピジル錠２５ｍｇ「あすか」,622402001.0,"""Medication""",2.0,錠,１日１回朝食後に,ナフトピジル
ニコランジル錠５ｍｇ「サワイ」,620326001.0,"""Medication""",1.0,錠,１日３回毎食後に,ニコランジル
ニゾラールクリーム２％,620005277.0,"""Medication""",20.0,ｇ,足に,ニゾラールクリーム
ニトロペン舌下錠０．３ｍｇ,620004541.0,"""Medication""",1.0,錠,発作時にお使い下さい,ニトロペン
ニフェジピンＣＲ錠１０ｍｇ「サワイ」,620004014.0,"""Medication""",1.0,錠,１日１回朝食後に,ニフェジピン
ニフェジピンＣＲ錠２０ｍｇ「トーワ」,621637101.0,"""Medication""",1.0,錠,１日１回朝食後に,ニフェジピン
ニフェジピンＣＲ錠４０ｍｇ「サワイ」,620004016.0,"""Medication""",1.0,錠,１日１回朝食後に,ニフェジピン
ニフェジピンＣＲ錠４０ｍｇ「トーワ」,621685201.0,"""Medication""",1.0,錠,１日１回朝食後に,ニフェジピン
ニューロタン錠２５ｍｇ,620009126.0,"""Medication""",1.0,錠,１日１回朝食後に,ニューロタン
ニューロタン錠５０ｍｇ,620009127.0,"""Medication""",1.0,錠,１日１回朝食後に,ニューロタン
ネイリンカプセル１００ｍｇ,622590001.0,"""Medication""",1.0,カプセル,１日１回朝食後に,ネイリンカプセル
ネキシウムカプセル１０ｍｇ,622080701.0,"""Medication""",1.0,カプセル,１日１回朝食後に,ネキシウムカプセル
ネキシウムカプセル２０ｍｇ,622080801.0,"""Medication""",1.0,カプセル,１日１回朝食後に,ネキシウムカプセル
ネシーナ錠１２．５ｍｇ,621986101.0,"""Medication""",1.0,錠,１日１回朝食後に,ネシーナ
ネシーナ錠２５ｍｇ,621986201.0,"""Medication""",1.0,錠,１日１回朝食後に,ネシーナ
ネリゾナソリューション０．１％,620605001.0,"""Medication""",30.0,ｍＬ,医師の指示通りに,ネリゾナソリューション
ネリゾナ軟膏０．１％,620604501.0,"""Medication""",15.0,ｇ,医師の指示通りに,ネリゾナ
ノイエルカプセル２００ｍｇ,620008672.0,"""Medication""",1.0,カプセル,１日３回毎食後に,ノイエルカプセル
ノイロトロピン錠４単位,620007022.0,"""Medication""",2.0,錠,１日２回朝夕食後に,ノイロトロピン
ノベルジン錠５０ｍｇ,622389101.0,"""Medication""",1.0,錠,１日１回朝食後に,ノベルジン
ノボラピッド注　フレックスタッチ　３００単位,622252701.0,"""HomeCare""",1.0,キット,-,フレックスタッチ
ノボラピッド注　ペンフィル　３００単位,620008894.0,"""HomeCare""",3.0,筒,-,ノボラピッド
ノボリンＲ注フレックスペン　３００単位,620000265.0,"""HomeCare""",8.0,キット,-,フレックスペン
ノルバスク錠１０ｍｇ,622002701.0,"""Medication""",1.0,錠,１日１回朝食後に,ノルバスク
ノルバスク錠２．５ｍｇ,612170709.0,"""Medication""",1.0,錠,１日１回朝食後に,ノルバスク
ノルバスク錠５ｍｇ,612170710.0,"""Medication""",1.0,錠,１日１回朝食後に,ノルバスク
ノルバスクＯＤ錠５ｍｇ,620008041.0,"""Medication""",1.0,錠,１日２回朝夕食後に,ノルバスク
ハイシー顆粒２５％,610454055.0,"""Medication""",2.0,ｇ,１日２回朝夕食後に,ハイシー
ハイチオール（Ｌ　システイン８０ｍｇ）３錠３０日分,96000403.0,"""OwnExpense""",1.0,回,-,ハイチオール
ハルシオン０．２５ｍｇ錠,611120055.0,"""Medication""",1.0,錠,１日１回就寝前に,ハルシオン
ハルナールＤ錠０．２ｍｇ,620002536.0,"""Medication""",1.0,錠,１日１回朝食後に,ハルナール
バイアスピリン錠１００ｍｇ,610443053.0,"""Medication""",1.0,錠,１日１回朝食後に,バイアスピリン
バイオ後続品導入初期加算（在宅自己注射指導管理料）,114049870.0,"""HomeCare""",1,回,-,後続品導入初期加算
バゼドキシフェン錠２０ｍｇ「サワイ」,622811701.0,"""Medication""",1.0,錠,１日１回朝食後に,バゼドキシフェン
バラシクロビル塩酸塩５００ｍｇ錠,622691500.0,"""Medication""",2.0,錠,１日３回毎食後に,バラシクロビル
バルサルタン錠２０ｍｇ「サンド」,622351901.0,"""Medication""",1.0,錠,１日１回朝食後に,バルサルタン
バルサルタン錠４０ｍｇ「アメル」,622352601.0,"""Medication""",1,錠,１日１回朝食後に,バルサルタン
バルサルタン錠８０ｍｇ「トーワ」,622337101.0,"""Medication""",1.0,錠,１日１回朝食後に,バルサルタン
パナルジン錠１００ｍｇ,620814601.0,"""Medication""",1,錠,１日１回朝食後に,パナルジン
パリエット錠１０ｍｇ,610412202.0,"""Medication""",1.0,錠,１日１回朝食後に,パリエット
パルスドプラ法加算,160072370.0,"""Examination""",1.0,回,-,パルスドプラ
パルモディア錠０．１ｍｇ,622573101.0,"""Medication""",1.0,錠,１日２回朝夕食後に,パルモディア
ヒアレイン点眼液０．１％　５ｍＬ,620004816.0,"""Medication""",2.0,瓶,医師の指示通りに,ヒアレイン
ヒドロクロロチアジド錠１２．５ｍｇ「トーワ」,622142502.0,"""Medication""",1.0,錠,１日１回朝食後に,ヒドロクロロチアジド
ヒューマログ注カート　３００単位,640451027.0,"""HomeCare""",5.0,筒,-,ヒューマログ
ヒューマログ注ミリオペン　３００単位,620007460.0,"""HomeCare""",2.0,キット,-,ヒューマログ
ヒューマログ注ミリオペンＨＤ　３００単位,622642701.0,"""HomeCare""",3.0,キット,-,ヒューマログ
ヒューマログ注１００単位／ｍＬ,620008916.0,"""HomeCare""",40.0,ｍＬＶ,-,ヒューマログ
ヒルドイドクリーム０．３％,620009046.0,"""Medication""",25.0,ｇ,手に,ヒルドイドクリーム
ヒルドイドソフト軟膏０．３％,620009048.0,"""Medication""",25.0,ｇ,手に,ヒルドイドソフト
ヒルドイドローション０．３％,620009049.0,"""Medication""",50.0,ｇ,保湿剤として,ヒルドイドローション
ビオスリー配合ＯＤ錠,622464601.0,"""Medication""",2.0,錠,１日３回毎食後に,ビオスリー
ビオフェルミン配合散,620420001.0,"""Medication""",1.0,ｇ,１日２回朝夕食後に,ビオフェルミン
ビオフェルミン錠剤,620000094.0,"""Medication""",1.0,錠,１日３回毎食後に,ビオフェルミン
ビオフェルミンＲ錠,612370052.0,"""Medication""",1.0,錠,１日３回毎食後に,ビオフェルミン
ビクトーザ皮下注１８ｍｇ　３ｍＬ,621974801.0,"""HomeCare""",3.0,キット,-,ビクトーザ
ビソプロロールフマル酸塩錠０．６２５ｍｇ「ＺＥ」,622267901.0,"""Medication""",1.0,錠,１日１回朝食後に,ビソプロロールフマル
ビソプロロールフマル酸塩錠２．５ｍｇ「ＺＥ」,621399302.0,"""Medication""",1.0,錠,１日１回朝食後に,ビソプロロールフマル
ビソプロロールフマル酸塩錠５ｍｇ「サンド」,621400401.0,"""Medication""",1.0,錠,１日１回朝食後に,ビソプロロールフマル
ビソプロロールフマル酸塩錠５ｍｇ「テバ」,621400302.0,"""Medication""",1.0,錠,１日１回朝食後に,ビソプロロールフマル
ビラノア錠２０ｍｇ,622516602.0,"""Medication""",1.0,錠,１日１回就寝前に,ビラノア
ビーマス配合錠,620492501.0,"""Medication""",4.0,錠,１日１回夕食後に,ビーマス
ピオグリタゾン錠１５ｍｇ「アメル」,622049901.0,"""Medication""",1.0,錠,１日１回朝食後に,ピオグリタゾン
ピオグリタゾン錠３０ｍｇ「アメル」,622050001.0,"""Medication""",1.0,錠,１日１回朝食後に,ピオグリタゾン
ピオグリタゾンＯＤ錠１５ｍｇ「ＦＦＰ」,622061601.0,"""Medication""",2.0,錠,１日１回朝食後に,ピオグリタゾン
ピコスルファートＮａ内用液０．７５％「トーワ」,621278401.0,"""Medication""",10.0,ｍＬ,便秘時に,ピコスルファート
ピタバスタチンカルシウム錠１ｍｇ「日医工」,622271801.0,"""Medication""",1.0,錠,１日１回朝食後に,ピタバスタチンカルシウム
ピタバスタチンカルシウム錠１ｍｇ「ＺＥ」,622268001.0,"""Medication""",1.0,錠,１日１回朝食後に,ピタバスタチンカルシウム
ピタバスタチンカルシウム錠２ｍｇ「日医工」,622271901.0,"""Medication""",1.0,錠,１日１回朝食後に,ピタバスタチンカルシウム
ピタバスタチンカルシウムＯＤ錠１ｍｇ「日医工」,622528901.0,"""Medication""",1.0,錠,１日１回夕食後に,ピタバスタチンカルシウム
ピタバスタチンカルシウムＯＤ錠２ｍｇ「日医工」,622529001.0,"""Medication""",1,錠,１日１回朝食後に,ピタバスタチンカルシウム
ピタバスタチンＣａ・ＯＤ錠２ｍｇ「ファイザー」,622512101.0,"""Medication""",1.0,錠,１日１回朝食後に,ピタバスタチン
ピタバスタチンＣａ錠１ｍｇ「ファイザー」,622273101.0,"""Medication""",1,錠,１日１回朝食後に,ピタバスタチン
ピルシカイニド塩酸塩カプセル２５ｍｇ「トーワ」,621643001.0,"""Medication""",1.0,カプセル,１日１回朝食後に,ピルシカイニド
ピレノキシン懸濁性点眼液０．００５％「参天」　５ｍＬ,620212001.0,"""Medication""",4,瓶,１日右４回左４回,ピレノキシン
ピーエイ配合錠,620161401.0,"""Medication""",2.0,錠,１日３回毎食後に,ピーエイ
ファストクリックス　ランセット,59000007.0,"""HomeCare""",4.0,セット,-,ファストクリックスランセット
ファストクリックスランセット　２４本,96000020.0,"""OwnExpense""",1,回,-,ファストクリックスランセット
ファムビル錠２５０ｍｇ,620006802.0,"""Medication""",1,錠,１日３回毎食後に,ファムビル
ファモチジン錠１０ｍｇ「オーハラ」,621474102.0,"""Medication""",1.0,錠,１日２回朝夕食後に,ファモチジン
ファモチジン錠１０ｍｇ「トーワ」,621474801.0,"""Medication""",1.0,錠,１日２回朝夕食後に,ファモチジン
ファモチジンＤ錠２０ｍｇ「サワイ」,620004036.0,"""Medication""",1.0,錠,１日１回朝食後に,ファモチジン
ファモチジンＯＤ錠２０ｍｇ「オーハラ」,621681601.0,"""Medication""",1.0,錠,１日１回朝食後に,ファモチジン
フィアスプ注　フレックスタッチ　３００単位,629905601.0,"""HomeCare""",1.0,キット,-,フレックスタッチ
フィアスプ注　１００単位／ｍＬ,629905801.0,"""HomeCare""",20.0,ｍＬＶ,-,フィアスプ
フィナステリド１ｍｇ１箱（３０錠）,96000303.0,"""OwnExpense""",1,回,-,フィナステリド
フェキソフェナジン塩酸塩錠６０ｍｇ「ダイト」,622260101.0,"""Medication""",1.0,錠,１日２回朝夕食後に,フェキソフェナジン
フェキソフェナジン塩酸塩錠６０ｍｇ「ＪＧ」,622291301.0,"""Medication""",1.0,錠,１日２回朝夕食後に,フェキソフェナジン
フェジン静注４０ｍｇ　２ｍＬ,620005208.0,"""Injection""",1.0,管,-,フェジン
フェノフィブラート錠８０ｍｇ「武田テバ」,622590601.0,"""Medication""",1.0,錠,１日１回朝食後に,フェノフィブラート
フェブキソスタット錠１０ｍｇ「杏林」,622912401.0,"""Medication""",1.0,錠,１日１回朝食後に,フェブキソスタット
フェブキソスタット錠２０ｍｇ「サワイ」,622911601.0,"""Medication""",1.0,錠,１日１回朝食後に,フェブキソスタット
フェブリク錠１０ｍｇ,622057201.0,"""Medication""",1.0,錠,１日１回朝食後に,フェブリク
フェブリク錠２０ｍｇ,622057301.0,"""Medication""",1.0,錠,１日１回朝食後に,フェブリク
フェブリク錠４０ｍｇ,622057401.0,"""Medication""",1.0,錠,１日１回朝食後に,フェブリク
フェリチン定量,160192510.0,"""Examination""",1.0,回,-,フェリチン
フェルビナクスチック軟膏３％「三笠」,620645302.0,"""Medication""",40.0,ｇ,腰に,フェルビナクスチック
フェロミア錠５０ｍｇ　鉄５０ｍｇ,613220039.0,"""Medication""",1.0,錠,１日１回朝食後に,フェロミア
フォシーガ錠１０ｍｇ,622342001.0,"""Medication""",1.0,錠,１日１回朝食後に,フォシーガ
フォシーガ錠５ｍｇ,622341901.0,"""Medication""",1.0,錠,１日１回朝食後に,フォシーガ
フォリアミン錠　５ｍｇ,613130585.0,"""Medication""",1.0,錠,１日３回毎食後に,フォリアミン
フスコデ配合錠,620379601.0,"""Medication""",3,錠,１日３回毎食後に,フスコデ
フスタゾール散１０％,610463170.0,"""Medication""",0.2,ｇ,１日３回毎食後に,フスタゾール
フスタゾール糖衣錠１０ｍｇ,620378201.0,"""Medication""",2.0,錠,１日３回毎食後に,フスタゾール
フランドルテープ４０ｍｇ,620004821.0,"""Medication""",28.0,枚,１日１回お使い下さい。,フランドルテープ
フリースタイルリブレセンサー（１個）,96000015.0,"""OwnExpense""",1.0,回,-,フリースタイルリブレセンサー
フリースタイルリブレ（１箱）,59000001.0,"""HomeCare""",2.0,箱,-,フリースタイルリブレ
フルイトラン錠１ｍｇ,620009430.0,"""Medication""",1.0,錠,１日１回朝食後に,フルイトラン
フルイトラン錠２ｍｇ,612130207.0,"""Medication""",1.0,錠,１日１回朝食後に,フルイトラン
フルティフォーム５０エアゾール１２０吸入用,622278101.0,"""Medication""",1.0,瓶,１回２吸入１日２回朝夕に,フルティフォーム
フルナーゼ点鼻液５０μｇ２８噴霧用　２．０４ｍｇ４ｍＬ,620005298.0,"""Medication""",2.0,瓶,１日２回,フルナーゼ
フルニトラゼパム錠１ｍｇ「ＪＧ」,622109101.0,"""Medication""",1.0,錠,１日１回就寝前に,フルニトラゼパム
フルバスタチン錠２０ｍｇ「サワイ」,621964301.0,"""Medication""",1.0,錠,１日１回朝食後に,フルバスタチン
フルメトロン点眼液０．１％,620007764.0,"""Medication""",10.0,ｍＬ,医師の指示通りに,フルメトロン
フロセミド錠１０ｍｇ「武田テバ」,622548901.0,"""Medication""",1.0,錠,１日１回朝食後に,フロセミド
フロセミド錠２０ｍｇ「武田テバ」,620269703.0,"""Medication""",1.0,錠,１日１回朝食後に,フロセミド
フロセミド２０ｍｇ錠,622890700.0,"""Medication""",1.0,錠,１日１回朝食後に,フロセミド
フロモックス錠１００ｍｇ,610411058.0,"""Medication""",1.0,錠,１日３回毎食後に,フロモックス
ブスコパン錠１０ｍｇ,620008704.0,"""Medication""",1.0,錠,痛む時に,ブスコパン
ブドウ糖注射液　１０％２０ｍＬ,640412112.0,"""Injection""",1.0,管,-,糖注射液
ブロチゾラム錠０．２５ｍｇ「アメル」,620039601.0,"""Medication""",1.0,錠,１日１回就寝前に,ブロチゾラム
ブロチゾラムＯＤ錠０．２５ｍｇ「アメル」,622276601.0,"""Medication""",1.0,錠,１日１回就寝前に,ブロチゾラム
ブロプレス錠１２　１２ｍｇ,610432014.0,"""Medication""",1.0,錠,１日１回朝食後に,ブロプレス
プラバスタチンナトリウム１０ｍｇ錠,622139600.0,"""Medication""",1.0,錠,１日１回朝食後に,プラバスタチンナトリウム
プラバスタチンＮａ錠１０ｍｇ「アメル」,620000104.0,"""Medication""",1.0,錠,１日１回朝食後に,プラバスタチン
プラバスタチンＮａ錠１０ｍｇ「サワイ」,621528901.0,"""Medication""",1.0,錠,１日１回朝食後に,プラバスタチン
プラバスタチンＮａ錠５ｍｇ「サワイ」,621528801.0,"""Medication""",1,錠,１日１回夕食後に,プラバスタチン
プラビックス錠２５ｍｇ,620003468.0,"""Medication""",2.0,錠,１日１回朝食後に,プラビックス
プラビックス錠７５ｍｇ,620003469.0,"""Medication""",1.0,錠,１日１回朝食後に,プラビックス
プランルカスト錠２２５ｍｇ「日医工」,622387401.0,"""Medication""",1,錠,１日２回朝夕食後に,プランルカスト
プリビナ液０．０５％,620004822.0,"""Medication""",10.0,ｍＬ,鼻に医師の指示通り,プリビナ
プリンペラン錠５　５ｍｇ,620006100.0,"""Medication""",1.0,錠,嘔気時に,プリンペラン
プレガバリンＯＤ錠７５ｍｇ「ケミファ」,622826301.0,"""Medication""",1.0,錠,１日２回朝夕食後に,プレガバリン
プレタールＯＤ錠１００ｍｇ,621971301.0,"""Medication""",1.0,錠,１日１回朝食直前に,プレタール
プレドニゾロン錠「タケダ」５ｍｇ,620000695.0,"""Medication""",1.0,錠,１日２回朝夕食後に,プレドニゾロン
プレミネント配合錠ＬＤ,621769402.0,"""Medication""",1.0,錠,１日１回朝食後に,プレミネント
プロパジール錠５０ｍｇ,620004388.0,"""Medication""",2.0,錠,１日２回朝夕食後に,プロパジール
プロピルチオウラシル錠　５０ｍｇ,612430003.0,"""Medication""",1,錠,１日１回朝食後に,プロピルチオウラシル
プロプラノロール塩酸塩徐放カプセル６０ｍｇ「サワイ」,620293401.0,"""Medication""",1.0,カプセル,１日１回朝食後に,プロプラノロール
プロペト,667120036.0,"""Medication""",30.0,ｇ,★１日２〜３回お使い下さい,プロペト
プロマックＤ錠７５　７５ｍｇ,620004044.0,"""Medication""",1,錠,１日１回夕食後に,プロマック
ベイスン錠０．２　０．２ｍｇ,610406390.0,"""Medication""",1.0,錠,１日３回毎食直前に,ベイスン
ベイスン錠０．３　０．３ｍｇ,610406391.0,"""Medication""",1.0,錠,１日３回毎食直前に,ベイスン
ベイスンＯＤ錠０．２　０．２ｍｇ,620002120.0,"""Medication""",1.0,錠,１日３回毎食直前に,ベイスン
ベオーバ錠５０ｍｇ,622653001.0,"""Medication""",1.0,錠,１日１回就寝前に,ベオーバ
ベガモックス点眼液０．５％,620004368.0,"""Medication""",5,ｍＬ,１日左４回,ベガモックス
ベザトールＳＲ錠２００ｍｇ,620002123.0,"""Medication""",1.0,錠,１日２回朝夕食後に,ベザトール
ベザフィブラート徐放錠２００ｍｇ「武田テバ」,620339603.0,"""Medication""",1.0,錠,１日２回朝夕食後に,ベザフィブラート
ベシケアＯＤ錠５ｍｇ,622047601.0,"""Medication""",2.0,錠,１日１回朝食後に,ベシケア
ベタニス錠５０ｍｇ,622093301.0,"""Medication""",1.0,錠,１日１回朝食後に,ベタニス
ベタヒスチンメシル酸塩錠６ｍｇ「トーワ」,622556302.0,"""Medication""",1.0,錠,１日２回朝夕食後に,ベタヒスチンメシル
ベニジピン塩酸塩錠４ｍｇ「トーワ」,621751301.0,"""Medication""",1.0,錠,１日１回朝食後に,ベニジピン
ベニジピン塩酸塩錠４ｍｇ「ＮＰＩ」,620004056.0,"""Medication""",1.0,錠,１日１回夕食後に,ベニジピン
ベポタスチンベシル酸塩錠１０ｍｇ「タナベ」,622604901.0,"""Medication""",1.0,錠,１日２回朝夕食後に,ベポタスチンベシル
ベラパミル塩酸塩錠４０ｍｇ「タイヨー」,620007085.0,"""Medication""",1,錠,発作時に,ベラパミル
ベルソムラ錠１５ｍｇ,622374201.0,"""Medication""",1.0,錠,１日１回就寝前に,ベルソムラ
ベルソムラ錠２０ｍｇ,622374301.0,"""Medication""",1.0,錠,１日１回就寝前に,ベルソムラ
ベンズブロマロン錠２５ｍｇ「杏林」,622080502.0,"""Medication""",1.0,錠,１日１回朝食後に,ベンズブロマロン
ペリアクチンシロップ０．０４％,620005106.0,"""Medication""",5,ｍＬ,１日３回毎食後に,ペリアクチンシロップ
ペンニードルプラス３２Ｇ　４ｍｍ　（１箱７０本入）,59000012.0,"""HomeCare""",1.0,箱,-,ペンニードルプラス
ホクナリンテープ２ｍｇ,660421117.0,"""Medication""",30.0,枚,１日１回お使い下さい。,ホクナリンテープ
ボグリボース錠０．２ｍｇ「ファイザー」,622090001.0,"""Medication""",1.0,錠,１日１回朝食直前に,ボグリボース
ボグリボース錠０．２ｍｇ「杏林」,621690402.0,"""Medication""",1.0,錠,１日３回毎食直前に,ボグリボース
ボグリボースＯＤ錠０．２ｍｇ「ケミファ」,620005558.0,"""Medication""",1.0,錠,１日３回毎食直前に,ボグリボース
ボグリボースＯＤ錠０．３ｍｇ「ＭＥＤ」,620005562.0,"""Medication""",1.0,錠,１日３回毎食直前に,ボグリボース
ボナロン錠３５ｍｇ,620004359.0,"""Medication""",1.0,錠,週１回,ボナロン
ポララミン錠２ｍｇ,611410172.0,"""Medication""",1,錠,１日３回毎食後に,ポララミン
ポリスチレンスルホン酸Ｃａ経口ゼリー２０％分包２５ｇ「三和」,621261102.0,"""Medication""",1.0,個,１日１回朝食後に,ポリスチレンスルホン
マイクロクロファインプラス３１Ｇ×５ｍｍ　ＴｈｉｎＷａｌｌ（１箱７０本入）,59000015.0,"""HomeCare""",4,箱,-,マイクロクロファインプラス
マイクロクロファインプラス３２Ｇ×４ｍｍ　ＴｈｉｎＷａｌｌ（１箱７０本入）,59000014.0,"""HomeCare""",1.0,箱,-,マイクロクロファインプラス
マイクロファインプラスプロ３２ゲージ４ｍｍ（１箱７０本入）,59000018.0,"""HomeCare""",1.0,回,-,マイクロファインプラスプロ
マイスリー錠５ｍｇ,610443047.0,"""Medication""",1.0,錠,１日１回就寝前に,マイスリー
マクサルトＲＰＤ錠１０ｍｇ,620000420.0,"""Medication""",1.0,錠,頭痛時に,マクサルト
マグネシウム,160022210.0,"""Examination""",1.0,回,-,マグネシウム
マグミット錠３３０ｍｇ,610463198.0,"""Medication""",1.0,錠,１日３回毎食後に,マグミット
マンジャロ皮下注１０ｍｇアテオス　０．５ｍＬ,622931601.0,"""HomeCare""",2.0,キット,-,マンジャロ
マンジャロ皮下注２．５ｍｇアテオス　０．５ｍＬ,622931301.0,"""HomeCare""",2.0,キット,-,マンジャロ
マンジャロ皮下注５ｍｇアテオス　０．５ｍＬ,622931401.0,"""HomeCare""",2.0,キット,-,マンジャロ
マンジャロ皮下注７．５ｍｇアテオス　０．５ｍＬ,622931501.0,"""HomeCare""",2,キット,-,マンジャロ
ミオナール錠５０ｍｇ,611240248.0,"""Medication""",1.0,錠,１日３回毎食後に,ミオナール
ミカムロ配合錠ＡＰ,622006801.0,"""Medication""",1.0,錠,１日１回朝食後に,ミカムロ
ミカムロ配合錠ＢＰ,622224601.0,"""Medication""",1.0,錠,１日１回就寝前に,ミカムロ
ミカルディス錠２０ｍｇ,620002429.0,"""Medication""",1.0,錠,１日１回朝食後に,ミカルディス
ミカルディス錠４０ｍｇ,620002430.0,"""Medication""",1.0,錠,１日１回夕食後に,ミカルディス
ミカルディス錠８０ｍｇ,621999101.0,"""Medication""",1.0,錠,１日１回朝食後に,ミカルディス
ミグシス錠５ｍｇ,610432015.0,"""Medication""",1.0,錠,１日２回朝夕食後に,ミグシス
ミグリトール錠５０ｍｇ「トーワ」,622544401.0,"""Medication""",1.0,錠,１日３回毎食直前に,ミグリトール
ミグリトールＯＤ錠２５ｍｇ「サワイ」,622560201.0,"""Medication""",1.0,錠,１日３回毎食直前に,ミグリトール
ミチグリニドＣａ・ＯＤ錠１０ｍｇ「三和」,622521001.0,"""Medication""",1.0,錠,１日３回毎食直前に,ミチグリニド
ミチグリニドＣａ・ＯＤ錠５ｍｇ「フソー」,622523301.0,"""Medication""",1,錠,１日３回毎食前に,ミチグリニド
ミティキュアダニ舌下錠１０，０００ＪＡＵ,622455301.0,"""Medication""",1.0,錠,１日１回朝食後に,ミティキュアダニ
ミニリンメルトＯＤ錠６０μｇ,622225302.0,"""Medication""",1,錠,１日２回朝食後及び就寝前に,ミニリンメルト
ミネブロ錠２．５ｍｇ,622670201.0,"""Medication""",1.0,錠,１日１回夕食後に,ミネブロ
ミネブロ錠５ｍｇ,622670301.0,"""Medication""",1.0,錠,１日１回朝食後に,ミネブロ
ミネブロＯＤ錠２．５ｍｇ,622910201.0,"""Medication""",1.0,錠,１日１回朝食後に,ミネブロ
ミノドロン酸錠５０ｍｇ「ニプロ」,622643801.0,"""Medication""",1.0,錠,医師の指示通りに,ミノドロン
ミヤＢＭ錠,612370067.0,"""Medication""",1.0,錠,１日３回毎食後に,ミヤＢＭ錠
ムコスタ錠１００ｍｇ,620452801.0,"""Medication""",1.0,錠,１日３回毎食後に,ムコスタ
ムコソルバン錠１５ｍｇ,620389501.0,"""Medication""",1,錠,１日３回毎食後に,ムコソルバン
ムコソルバンＬ錠４５ｍｇ,622404601.0,"""Medication""",1,錠,１日１回朝食後に,ムコソルバン
ムコダイン錠５００ｍｇ,610407447.0,"""Medication""",1.0,錠,１日３回毎食後に,ムコダイン
ムンプスワクチン,96000192.0,"""OwnExpense""",1.0,回,-,ムンプスワクチン
メインテート錠０．６２５ｍｇ,622068002.0,"""Medication""",2.0,錠,１日１回朝食後に,メインテート
メインテート錠２．５ｍｇ,620256101.0,"""Medication""",1.0,錠,１日１回朝食後に,メインテート
メキシレチン塩酸塩カプセル１００ｍｇ「日医工」,620257709.0,"""Medication""",1.0,カプセル,１日１回朝食後に,メキシレチン
メコバラミン錠５００μｇ「杏林」　０．５ｍｇ,622672401.0,"""Medication""",1.0,錠,１日３回毎食後に,メコバラミン
メコバラミン錠５００μｇ「ＳＷ」　０．５ｍｇ,620708607.0,"""Medication""",1.0,錠,１日３回毎食後に,メコバラミン
メサデルム軟膏０．１％,620007799.0,"""Medication""",30.0,ｇ,★１日２〜３回お使い下さい,メサデルム
メジコン散１０％,620004596.0,"""Medication""",0.3,ｇ,１日３回毎食後に,メジコン
メジコン錠１５ｍｇ,612220325.0,"""Medication""",2.0,錠,１日３回毎食後に,メジコン
メタクト配合錠ＬＤ,621986301.0,"""Medication""",1.0,錠,１日１回朝食後に,メタクト
メタネフリン・ノルメタネフリン分画（尿）,160137250.0,"""Examination""",1.0,回,-,ノルメタネフリン
メチコバール錠５００μｇ　０．５ｍｇ,613130595.0,"""Medication""",1.0,錠,１日３回毎食後に,メチコバール
メトアナ配合錠ＨＤ,622654401.0,"""Medication""",1.0,錠,１日２回朝夕食後に,メトアナ
メトグルコ錠２５０ｍｇ,621974701.0,"""Medication""",3.0,錠,１日２回朝夕食後に,メトグルコ
メトグルコ錠５００ｍｇ,622242501.0,"""Medication""",1.0,錠,１日３回毎食後に,メトグルコ
メトホルミン塩酸塩錠２５０ｍｇＭＴ「トーワ」,622412701.0,"""Medication""",1.0,錠,１日２回朝夕食後に,メトホルミン
メトホルミン塩酸塩錠２５０ｍｇＭＴ「三和」,622432601.0,"""Medication""",1.0,錠,１日２回朝夕食後に,メトホルミン
メトホルミン塩酸塩錠２５０ｍｇＭＴ「日医工」,622436301.0,"""Medication""",1.0,錠,１日２回朝夕食後に,メトホルミン
メトホルミン塩酸塩錠２５０ｍｇＭＴ「ＤＳＥＰ」,622427201.0,"""Medication""",3.0,錠,１日２回朝夕食後に,メトホルミン
メトホルミン塩酸塩錠５００ｍｇＭＴ「トーワ」,622448601.0,"""Medication""",1.0,錠,１日２回朝夕食後に,メトホルミン
メトホルミン塩酸塩錠５００ｍｇＭＴ「日医工」,622466601.0,"""Medication""",1.0,錠,１日３回毎食後に,メトホルミン
メトホルミン塩酸塩錠５００ｍｇＭＴ「ＤＳＥＰ」,622427301.0,"""Medication""",1,錠,１日３回毎食後に,メトホルミン
メトリジン錠２ｍｇ,612160027.0,"""Medication""",1.0,錠,発作時に,メトリジン
メプチンエアー１０μｇ吸入１００回　０．０１４３％５ｍＬ,621903202.0,"""Medication""",1.0,キット,１回２吸入　発作時に,メプチンエアー
メマリーＯＤ錠２０ｍｇ,622306201.0,"""Medication""",1.0,錠,１日１回朝食後に,メマリー
メリスロン錠１２ｍｇ,611160089.0,"""Medication""",1.0,錠,１日３回毎食後に,メリスロン
メルカゾール錠２．５ｍｇ,622842401.0,"""Medication""",1.0,錠,１日１回朝食後に,メルカゾール
メルカゾール錠５ｍｇ,620004391.0,"""Medication""",1.0,錠,１日１回朝食後に,メルカゾール
モサプリドクエン酸塩錠５ｍｇ「ＤＳＥＰ」,622209701.0,"""Medication""",1.0,錠,１日３回毎食後に,モサプリドクエン
モビコール配合内用剤ＬＤ　６．８５２３ｇ,622832901.0,"""Medication""",1.0,包,１日１回就寝前に,モビコール
モンテルカスト錠１０ｍｇ「ファイザー」,622512501.0,"""Medication""",1.0,錠,１日１回夕食後に,モンテルカスト
モンテルカスト錠１０ｍｇ「科研」,622531201.0,"""Medication""",1.0,錠,１日１回就寝前に,モンテルカスト
モンテルカスト錠１０ｍｇ「ＫＭ」,622484401.0,"""Medication""",1.0,錠,１日１回就寝前に,モンテルカスト
モーラステープ２０ｍｇ　７ｃｍ×１０ｃｍ,620007805.0,"""Medication""",35,枚,１回　個医師の指示通りに,モーラステープ
モーラステープＬ４０ｍｇ　１０ｃｍ×１４ｃｍ,620007804.0,"""Medication""",35.0,枚,１日１回お使い下さい。,モーラステープ
ユベラＮカプセル１００ｍｇ,620004607.0,"""Medication""",1.0,カプセル,１日３回毎食後に,カプセル
ヨウ化カリウム丸５０ｍｇ「日医工」,621501001.0,"""Medication""",1.0,丸,１日１回朝食後に,カリウム
ライゾデグ配合注　フレックスタッチ　３００単位,622451001.0,"""HomeCare""",1.0,キット,-,フレックスタッチ
ラクツロース５４．１６７％１２ｇゼリー,622741700.0,"""Medication""",1.0,包,１日２回朝夕食後に,ラクツロース
ラシックス錠１０ｍｇ,622077601.0,"""Medication""",1.0,錠,１日１回朝食後に,ラシックス
ラシックス錠２０ｍｇ,620000167.0,"""Medication""",0.5,錠,１日１回朝食後に,ラシックス
ラックビー錠,622113001.0,"""Medication""",1.0,錠,１日３回毎食後に,ラックビー
ラベプラゾールＮａ塩錠１０ｍｇ「オーハラ」,621999501.0,"""Medication""",1.0,錠,１日１回朝食後に,ラベプラゾール
ラベプラゾールＮａ錠１０ｍｇ「トーワ」,622012901.0,"""Medication""",1,錠,１日１回朝食後に,ラベプラゾール
ラロキシフェン塩酸塩錠６０ｍｇ「サワイ」,622458301.0,"""Medication""",1,錠,１日１回朝食後に,ラロキシフェン
ランソプラゾールＯＤ錠１５ｍｇ「サワイ」,621919001.0,"""Medication""",1.0,錠,１日１回夕食後に,ランソプラゾール
ランソプラゾールＯＤ錠１５ｍｇ「武田テバ」,621780303.0,"""Medication""",1.0,錠,１日１回夕食後に,ランソプラゾール
ランソプラゾールＯＤ錠１５ｍｇ「ＤＫ」,620005581.0,"""Medication""",1.0,錠,１日１回朝食後に,ランソプラゾール
ランソプラゾールＯＤ錠１５ｍｇ「ＪＧ」,622023101.0,"""Medication""",1,錠,１日１回朝食後に,ランソプラゾール
ランタス注ソロスター　３００単位,620007536.0,"""HomeCare""",3.0,キット,-,ソロスター
ランタスＸＲ注ソロスター　４５０単位,622440701.0,"""HomeCare""",1.0,キット,-,ソロスター
リクシアナＯＤ錠３０ｍｇ,622576101.0,"""Medication""",1.0,錠,１日１回朝食後に,リクシアナ
リバロ錠１ｍｇ,620000422.0,"""Medication""",1.0,錠,１日１回夕食後に,リバロ
リバロ錠２ｍｇ,620000423.0,"""Medication""",1.0,錠,１日１回朝食後に,リバロ
リバロＯＤ錠１ｍｇ,622239201.0,"""Medication""",1,錠,１日１回朝食後に,リバロ
リバロＯＤ錠２ｍｇ,622239301.0,"""Medication""",1.0,錠,１日１回朝食後に,リバロ
リピディル錠５３．３ｍｇ,622090701.0,"""Medication""",1,錠,１日１回夕食後に,リピディル
リフレックス錠１５ｍｇ,621932101.0,"""Medication""",1.0,錠,１日１回就寝前に,リフレックス
リベルサス錠１４ｍｇ,629911801.0,"""Medication""",1.0,錠,１日１回朝食前に,リベルサス
リベルサス錠３ｍｇ,629911601.0,"""Medication""",1.0,錠,１日１回朝食前に,リベルサス
リベルサス錠７ｍｇ,629911701.0,"""Medication""",1.0,錠,１日１回朝食前に,リベルサス
リボトリール錠０．５ｍｇ,620003654.0,"""Medication""",1,錠,１日１回朝食後に,リボトリール
リポバス錠５　５ｍｇ,612180263.0,"""Medication""",1,錠,１日１回朝食後に,リポバス
リマプロストアルファデクス錠５μｇ「サワイ」,621694102.0,"""Medication""",1.0,錠,１日３回毎食後に,リマプロストアルファデクス
リリカカプセル１５０ｍｇ,621983901.0,"""Medication""",1.0,カプセル,１日１回朝食後に,リリカカプセル
リリカＯＤ錠２５ｍｇ,622538201.0,"""Medication""",1.0,錠,１日１回就寝前に,リリカ
リリカＯＤ錠７５ｍｇ,622538301.0,"""Medication""",1,錠,１日１回就寝前に,リリカ
リンゼス錠０．２５ｍｇ,622532801.0,"""Medication""",2.0,錠,１日１回朝食前に,リンゼス
リンデロン−ＤＰ軟膏　０．０６４％,662640415.0,"""Medication""",100,ｇ,背中に,リンデロン
リンデロン−ＶＧクリーム０．１２％,662640416.0,"""Medication""",20.0,ｇ,手に,リンデロン
リンデロン−ＶＧ軟膏０．１２％,662640418.0,"""Medication""",15.0,ｇ,四肢に,リンデロン
ルセフィ錠２．５ｍｇ,622335701.0,"""Medication""",1.0,錠,１日１回朝食後に,ルセフィ
ルセフィ錠５ｍｇ,622335801.0,"""Medication""",1.0,錠,１日１回朝食後に,ルセフィ
ルネスタ錠２ｍｇ,622148901.0,"""Medication""",1.0,錠,１日１回就寝前に,ルネスタ
ルパフィン錠１０ｍｇ,622577101.0,"""Medication""",1.0,錠,１日１回就寝前に,ルパフィン
ルムジェブ注ミリオペン　３００単位,629906901.0,"""HomeCare""",2,キット,-,ルムジェブ
ルリコン液１％,620002498.0,"""Medication""",10,ｍＬ,医師の指示通りに,ルリコン
レザルタス配合錠ＨＤ,621974601.0,"""Medication""",1.0,錠,１日１回朝食後に,レザルタス
レザルタス配合錠ＬＤ,621974501.0,"""Medication""",1.0,錠,１日１回朝食後に,レザルタス
レスタミンコーワクリーム１％,620007811.0,"""Medication""",30.0,ｇ,１日１回お使い下さい。,レスタミンコーワクリーム
レスプレン錠２０ｍｇ,610463219.0,"""Medication""",1,錠,１日３回毎食後に,レスプレン
レスプレン錠３０ｍｇ,612220347.0,"""Medication""",1.0,錠,１日３回毎食後に,レスプレン
レチクロ,160007910.0,"""Examination""",1,回,-,レチクロ
レニベース錠２．５　２．５ｍｇ,612140443.0,"""Medication""",1.0,錠,１日１回朝食後に,レニベース
レニベース錠５　５ｍｇ,612140444.0,"""Medication""",1.0,錠,１日１回朝食後に,レニベース
レニン活性,160032210.0,"""Examination""",1.0,回,-,レニン
レバミピド錠１００ｍｇ「ＥＭＥＣ」,620009461.0,"""Medication""",1.0,錠,１日３回毎食前に,レバミピド
レバミピド錠１００ｍｇ「ＺＥ」,620009466.0,"""Medication""",1.0,錠,１日３回毎食後に,レバミピド
レパグリニド錠０．２５ｍｇ「サワイ」,622813401.0,"""Medication""",1.0,錠,１日３回毎食直前に,レパグリニド
レパグリニド錠０．５ｍｇ「サワイ」,622813501.0,"""Medication""",1.0,錠,１日３回毎食直前に,レパグリニド
レパーサ皮下注４２０ｍｇオートミニドーザー　３．５ｍＬ,622579101.0,"""HomeCare""",2.0,キット,-,オートミニドーザー
レビトラ後発品（バルデナフィル）２０ｍｇ,96000299.0,"""OwnExpense""",3.0,回,-,レビトラ
レボセチリジン塩酸塩５ｍｇ錠,622847600.0,"""Medication""",1,錠,１日１回就寝前に,レボセチリジン
レルベア１００エリプタ３０吸入用,622375501.0,"""Medication""",1.0,キット,１回１吸入１日１回,レルベア
レンドルミン錠０．２５ｍｇ,620004625.0,"""Medication""",1.0,錠,１日１回就寝前に,レンドルミン
ロキソニンテープ１００ｍｇ　１０ｃｍ×１４ｃｍ,620007813.0,"""Medication""",63.0,枚,１日１回お使い下さい。,ロキソニンテープ
ロキソニンパップ１００ｍｇ　１０ｃｍ×１４ｃｍ,620003477.0,"""Medication""",14.0,枚,１日１回お使い下さい。,ロキソニンパップ
ロキソニン錠６０ｍｇ,620098801.0,"""Medication""",1.0,錠,１日３回毎食後に,ロキソニン
ロキソプロフェンナトリウムテープ１００ｍｇ「日医工」　１０×１４,622229701.0,"""Medication""",56.0,枚,四肢に,ロキソプロフェンナトリウムテープ
ロキソプロフェンナトリウムテープ５０ｍｇ「タイホウ」　７×１０,622242801.0,"""Medication""",56.0,枚,足に,ロキソプロフェンナトリウムテープ
ロキソプロフェンナトリウム錠６０ｍｇ「ＣＨ」,620007152.0,"""Medication""",1,錠,１日１回朝食後に,ロキソプロフェンナトリウム
ロキソプロフェン錠６０ｍｇ「ＥＭＥＣ」,620007150.0,"""Medication""",1.0,錠,発熱時又は痛む時に,ロキソプロフェン
ロコアテープ　１０ｃｍ×１４ｃｍ,622448701.0,"""Medication""",56.0,枚,★医師の指示通りにお使い下さい,ロコアテープ
ロコイドクリーム０．１％,620009077.0,"""Medication""",10.0,ｇ,かゆみ止めとして,ロコイドクリーム
ロコイド軟膏０．１％,620009078.0,"""Medication""",20.0,ｇ,かゆみ止めとして,ロコイド
ロサルタンカリウム錠２５ｍｇ「サンド」,622177001.0,"""Medication""",1.0,錠,１日１回朝食後に,ロサルタンカリウム
ロサルタンカリウム錠５０ｍｇ「ＴＣＫ」,622156701.0,"""Medication""",1.0,錠,１日１回夕食後に,ロサルタンカリウム
ロスバスタチンカルシウム２．５ｍｇ口腔内崩壊錠,622692500.0,"""Medication""",1.0,錠,１日１回朝食後に,ロスバスタチンカルシウム
ロスバスタチン錠２．５ｍｇ「アメル」,622600601.0,"""Medication""",1,錠,１日１回朝食後に,ロスバスタチン
ロスバスタチン錠２．５ｍｇ「トーワ」,622582001.0,"""Medication""",1.0,錠,１日１回朝食後に,ロスバスタチン
ロスバスタチン錠５ｍｇ「アメル」,622600701.0,"""Medication""",1.0,錠,１日１回朝食後に,ロスバスタチン
ロスバスタチン錠５ｍｇ「ＤＳＥＰ」,622571901.0,"""Medication""",1.0,錠,１日１回朝食後に,ロスバスタチン
ロスバスタチンＯＤ錠２．５ｍｇ「アメル」,622600801.0,"""Medication""",1.0,錠,１日１回朝食後に,ロスバスタチン
ロスーゼット配合錠ＨＤ,622676701.0,"""Medication""",1.0,錠,１日１回朝食後に,ロスーゼット
ロスーゼット配合錠ＬＤ,622676801.0,"""Medication""",1.0,錠,１日１回朝食後に,ロスーゼット
ロゼレム錠８ｍｇ,621985801.0,"""Medication""",1.0,錠,１日１回就寝前に,ロゼレム
ロトリガ粒状カプセル２ｇ,622198801.0,"""Medication""",1.0,包,１日１回朝食後に,ロトリガ
ロペミンカプセル１ｍｇ,620003665.0,"""Medication""",1,カプセル,１日１回就寝前に,ロペミンカプセル
ロラゼパム錠０．５ｍｇ「サワイ」,620049101.0,"""Medication""",1.0,錠,１日１回就寝前に,ロラゼパム
ロラゼパム０．５ｍｇ錠,622707000.0,"""Medication""",1.0,錠,１日１回就寝前に,ロラゼパム
ロレルコ錠２５０ｍｇ,620003669.0,"""Medication""",2.0,錠,１日２回朝夕食後に,ロレルコ
ワクチン接種証明書,95000013.0,"""OwnExpense""",1,回,-,接種証明書
ワソラン錠４０ｍｇ,620004629.0,"""Medication""",1.0,錠,１日１回朝食後に,ワソラン
ワンアルファ錠１．０μｇ　１μｇ,620675701.0,"""Medication""",1,錠,１日１回朝食後に,ワンアルファ
ワンショットプラス　３０枚入り１パック,96000305.0,"""OwnExpense""",1.0,回,-,ワンショットプラス
ワンショットプラス　６０枚入り１パック,96000022.0,"""OwnExpense""",1.0,回,-,ワンショットプラス
ワンショットプラスヘキシジン（６０枚１箱）,59000026.0,"""HomeCare""",1.0,箱,-,ワンショットプラスヘキシジン
ワンタッチアクロ,59000029.0,"""HomeCare""",1.0,個,-,ワンタッチアクロ
ワンタッチアクロ,96000012.0,"""OwnExpense""",1.0,回,-,ワンタッチアクロ
ワンタッチアクロランセット（１箱３０本）,59000030.0,"""HomeCare""",2.0,箱,-,ワンタッチアクロランセット
ワンタッチアクロランセット３３Ｇ　３０本,96000013.0,"""OwnExpense""",1.0,回,-,ワンタッチアクロランセット
ワンタッチベリオセンサー　３０個,96000011.0,"""OwnExpense""",1.0,回,-,ワンタッチベリオセンサー
ワンタッチベリオセンサー（１箱３０個）,59000028.0,"""HomeCare""",2.0,箱,-,ワンタッチベリオセンサー
ワンタッチベリオリフレクト,59000027.0,"""HomeCare""",1.0,個,-,ワンタッチベリオリフレクト
ワンタッチベリオリフレクト,96000010.0,"""OwnExpense""",1.0,回,-,ワンタッチベリオリフレクト
ワーファリン錠０．５ｍｇ,620002332.0,"""Medication""",1,錠,１日１回朝食後に,ワーファリン
ワーファリン錠１ｍｇ,613330003.0,"""Medication""",4,錠,１日１回朝食後に,ワーファリン
一硝酸イソソルビド錠２０ｍｇ「タイヨー」,621471301.0,"""Medication""",1.0,錠,１日２回朝夕食後に,イソソルビド
一連の治療期間における初回の指導管理年月日（在宅持続陽圧呼吸療法,850100143.0,"""HomeCare""",5041217.0,-,-,在宅持続陽圧呼吸療法
乳酸カルシウム「ケンエー」,620000712.0,"""Medication""",1.0,ｇ,１日１回朝食後に,カルシウム
使用可能なＨＭＧ−ＣｏＡ還元酵素阻害剤がないと判断した理由（レ；,830600099.0,"""Comment""",-,-,-,還元酵素阻害剤
保険医療材料配送手配料,95000009.0,"""OwnExpense""",1.0,回,-,保険医療材料配送手配料
健康診断,95000005.0,"""OwnExpense""",4000.0,円,-,健康診断
傷病手当金意見書交付料,180000710.0,"""Control""",1,回,-,傷病手当金意見書交付料
具体的な臓器又は領域；,830100144.0,"""Examination""",-,-,-,具体的
再診料,112007410.0,"""Diagnosis""",1.0,回,-,再診料
再診料（情報通信機器）,112024210.0,"""Diagnosis""",1,回,-,再診料
初回使用年月日（バイオ後続品導入初期加算）,850100408.0,"""HomeCare""",5050819,-,-,初回使用年月日
初回算定年月日（アレルギー性鼻炎免疫療法治療管理料）,850100407.0,"""Control""",5050508.0,-,-,初回算定年月日
初回（アルブミン定量（尿））,820190008.0,"""Examination""",-,-,-,初回）
初診料,111000110.0,"""Diagnosis""",1.0,回,-,初診料
初診料（情報通信機器）,111014210.0,"""Diagnosis""",1,回,-,初診料
前々月分,820100126.0,"""HomeCare""",-,-,-,前々月分
前回実施年月日（アルブミン定量（尿））,850190008.0,"""Examination""",5050204,-,-,前回実施年月日
前月分,820100125.0,"""HomeCare""",-,-,-,前月分
副腎皮質負荷試験（鉱質コルチコイド）,160120210.0,"""Examination""",1.0,回,-,副腎皮質負荷試験
医療情報・システム基盤整備体制充実加算１（初診）,111015970.0,"""Diagnosis""",1.0,回,-,基盤整備体制充実加算
医療情報・システム基盤整備体制充実加算２（初診）,111016070.0,"""Diagnosis""",1.0,回,-,基盤整備体制充実加算
医療情報・システム基盤整備体制充実加算３（再診）（経過措置）,112026570.0,"""Diagnosis""",1.0,回,-,基盤整備体制充実加算
同意書又は診断書に記載した病名（療養費同意書交付料）；,830100083.0,"""Control""",-,-,-,同意書又
在宅持続陽圧呼吸療法指導管理料２,114040810.0,"""HomeCare""",1.0,回,-,在宅持続陽圧呼吸療法指導管理料
在宅持続陽圧呼吸療法材料加算,114041710.0,"""HomeCare""",1.0,回,-,在宅持続陽圧呼吸療法材料加算
在宅持続陽圧呼吸療法用治療器加算（ＣＰＡＰを使用）,114041310.0,"""HomeCare""",1.0,回,-,在宅持続陽圧呼吸療法用治療器加算
在宅自己注射指導管理料（複雑な場合）,114021010.0,"""HomeCare""",1.0,回,-,在宅自己注射指導管理料
在宅自己注射指導管理料（１以外）（月２７回以下）,114040610.0,"""HomeCare""",1.0,回,-,在宅自己注射指導管理料
在宅自己注射指導管理料（１以外）（月２８回以上）,114028410.0,"""HomeCare""",1.0,回,-,在宅自己注射指導管理料
塩化カリウム徐放錠６００ｍｇ「Ｓｔ」,620731101.0,"""Medication""",1.0,錠,１日２回朝昼食後に,カリウム
塩酸ベニジピン錠４「ＮＰ」　４ｍｇ,621739403.0,"""Medication""",1.0,錠,１日１回朝食後に,ベニジピン
塩酸ベニジピン錠８「ＮＰ」　８ｍｇ,621783103.0,"""Medication""",1.0,錠,１日１回朝食後に,ベニジピン
外来管理加算,112011010.0,"""Diagnosis""",1.0,回,-,外来管理加算
外来迅速検体検査加算,160177770.0,"""Examination""",3.0,項目,-,外来迅速検体検査加算
夜間・早朝等加算（再診）,112015570.0,"""Diagnosis""",1.0,回,-,早朝等加算
夜間・早朝等加算（初診）,111012470.0,"""Diagnosis""",1.0,回,-,早朝等加算
導入初期加算（在宅自己注射指導管理料）,114028570.0,"""HomeCare""",1,回,-,導入初期加算
尿一般,160000310.0,"""Examination""",1.0,回,-,尿一般
尿蛋白,160000410.0,"""Examination""",1.0,回,-,尿蛋白
幼児用ＰＬ配合顆粒,620161301.0,"""Medication""",2,ｇ,１日４回毎６時間毎に,配合顆粒
強力ポステリザン（軟膏）,662560019.0,"""Medication""",100,ｇ,医師の指示通りに,ポステリザン
当月分,820100122.0,"""HomeCare""",1,-,-,当月分
悪性腫瘍特異物質治療管理料（その他・１項目）,113001310.0,"""Control""",1.0,回,-,悪性腫瘍特異物質治療管理料
情報提供先（診療情報提供料（１））；,830100080.0,"""Control""",-,-,-,情報提供先
抗サイログロブリン抗体,160141750.0,"""Examination""",1.0,回,-,サイログロブリン
抗ミトコンドリア抗体定量,160197510.0,"""Examination""",1,回,-,ミトコンドリア
抗核抗体（蛍光抗体法）半定量,160195710.0,"""Examination""",1,回,-,抗核抗体半定量
抗甲状腺ペルオキシダーゼ抗体,160157450.0,"""Examination""",1.0,回,-,ペルオキシダーゼ
抗ＧＡＤ抗体,160162050.0,"""Examination""",1.0,回,-,ＧＡＤ
持続血糖測定器加算（プログラム付きシリンジポンプ）,114029070.0,"""HomeCare""",1.0,回,-,持続血糖測定器加算
持続血糖測定器加算（間歇注入シリンジポンプ連動・５個以上）,114028970.0,"""HomeCare""",1.0,回,-,持続血糖測定器加算
新型コロナワクチン,95000044.0,"""OwnExpense""",0.0,円,-,コロナワクチン
施設要件イ（レパーサ皮下注４２０ｍｇオートミニドーザー）,820600128.0,"""Comment""",-,-,-,施設要件
明細書発行体制等加算,112015770.0,"""Diagnosis""",1.0,回,-,明細書発行体制等加算
時間外加算（再診）（入院外）,112001110.0,"""Diagnosis""",1,回,-,時間外加算
末梢血液一般検査,160008010.0,"""Examination""",1.0,回,-,末梢血液一般検査
末梢血液像（自動機械法）,160191510.0,"""Examination""",1.0,回,-,末梢血液像
検査の実施年月日（前立腺特異抗原（ＰＳＡ））,850100164.0,"""Examination""",5050921.0,-,-,実施年月日
検査名（悪性腫瘍特異物質治療管理料）；,830100060.0,"""Control""",-,-,-,検査名
沈降炭酸カルシウム錠５００ｍｇ「三和」,620009352.0,"""Medication""",2.0,錠,１日２回朝昼食後に,カルシウム
湿布薬の１日用量又は投与日数（薬剤料）；,830100204.0,"""Medication""",-,-,１回　個医師の指示通りに,日用量又
湿布薬制限枚数解除,99200201.0,"""Medication""",-,-,１回　個医師の指示通りに,湿布薬制限枚数解除
無機リン及びリン酸,160021810.0,"""Examination""",1.0,回,-,無機リン及びリン酸
特定疾患処方管理加算２（処方箋料）,120003270.0,"""OtherExpense""",1.0,回,-,特定疾患処方管理加算
特定疾患療養管理料（診療所・情報通信機器）,113034010.0,"""Control""",1,回,-,特定疾患療養管理料
特定疾患療養管理料（診療所）,113001810.0,"""Control""",1.0,回,-,特定疾患療養管理料
特定疾患療養管理料（１００床未満の病院）（特例）,113045450.0,"""Control""",1.0,回,-,特定疾患療養管理料
特定疾患療養管理料（１００床未満・療養指導）（特例）,113045550.0,"""Control""",1.0,回,-,特定疾患療養管理料
特異的ＩｇＥ半定量・定量,160056110.0,"""Examination""",3,種類,-,ＩｇＥ
生活保護受給者,820000014.0,"""Comment""",-,-,-,生活保護受給者
療法の継続が可能であると認める理由（持呼）；,830100101.0,"""HomeCare""",-,-,-,であると
療養費同意書交付　令和　　年　　月　　日,840000578.0,"""Control""",5-8-24,-,-,療養費同意書交付令和年月日
療養費同意書交付料,113004310.0,"""Control""",1,回,-,療養費同意書交付料
直近の無呼吸低呼吸指数（在宅持続陽圧呼吸療法指導管理料）,842100047.0,"""HomeCare""",2.0,-,-,無呼吸低呼吸指数
直近の空腹時血清Ｃペプチドの測定結果（持続血糖測定器）；,830100103.0,"""HomeCare""",-,-,-,空腹時血清
睡眠ポリグラフィー上の所見（在宅持続陽圧呼吸療法指導管理料）；,830100099.0,"""HomeCare""",-,-,-,ポリグラフィー
睡眠ポリグラフィー実施年月日（在宅持続陽圧呼吸療法指導管理料）,850100144.0,"""HomeCare""",4170312.0,-,-,ポリグラフィー
算定日の自覚症状（在宅持続陽圧呼吸療法指導管理料）；,830100100.0,"""HomeCare""",-,-,-,自覚症状
糞便中ヘモグロビン定性,160006510.0,"""Examination""",1.0,回,-,ヘモグロビン
細胞診（穿刺吸引細胞診、体腔洗浄等）,160060610.0,"""Examination""",1.0,部位,-,細胞診
終夜睡眠ポリグラフィー（携帯用装置使用）,160119410.0,"""Examination""",1.0,回,-,ポリグラフィー
終夜睡眠ポリグラフィー（１及び２以外）（その他）,160218610.0,"""Examination""",1.0,回,-,ポリグラフィー
翌々月分,820100123.0,"""HomeCare""",-,-,-,翌々月分
翌月分,820100124.0,"""HomeCare""",-,-,-,翌月分
耐糖能異常と判断した年月日（ベイスン錠０．２等）,850600073.0,"""Comment""",5040228.0,-,-,耐糖能異常
耐糖能異常と判断した根拠（ベイスン錠０．２等）；,830600081.0,"""Comment""",-,-,-,耐糖能異常
耐糖能精密検査,160087310.0,"""Examination""",1.0,回,-,耐糖能精密検査
肺炎球菌ワクチン（任意接種）,96000202.0,"""OwnExpense""",1.0,回,-,ワクチン
肺炎球菌予防接種（免除）,96000206.0,"""OwnExpense""",0.0,円,-,肺炎球菌予防接種
肺炎球菌予防接種（横浜市）,95000206.0,"""OwnExpense""",1.0,回,-,肺炎球菌予防接種
脳波検査判断料２,160147610.0,"""Examination""",1.0,回,-,脳波検査判断料
自費,95000004.0,"""OwnExpense""",0.0,円,-,自費
自費処方箋料,95000111.0,"""OwnExpense""",1.0,回,-,自費処方箋料
血中ケトン体（固定化酵素電極）,160149850.0,"""Examination""",1,回,-,ケトン
血糖自己測定器加算（間歇スキャン式持続血糖測定器）,114050210.0,"""HomeCare""",1.0,回,-,血糖自己測定器加算
血糖自己測定器加算（１２０回以上）（１型糖尿病・小児低血糖症等）,114015610.0,"""HomeCare""",1.0,回,-,血糖自己測定器加算
血糖自己測定器加算（２０回以上）（１型糖尿病の患者等を除く）,114005910.0,"""HomeCare""",1.0,回,-,血糖自己測定器加算
血糖自己測定器加算（４０回以上）（１型糖尿病の患者等を除く）,114006010.0,"""HomeCare""",1.0,回,-,血糖自己測定器加算
血糖自己測定器加算（６０回以上）（１型糖尿病の患者等を除く）,114007410.0,"""HomeCare""",1.0,回,-,血糖自己測定器加算
血糖自己測定器加算（６０回以上）（１型糖尿病・小児低血糖症等）,114010110.0,"""HomeCare""",1.0,回,-,血糖自己測定器加算
血糖自己測定器加算（９０回以上）（１型糖尿病・小児低血糖症等）,114010210.0,"""HomeCare""",1,回,-,血糖自己測定器加算
訪問看護指示料,114008010.0,"""HomeCare""",1.0,回,-,訪問看護指示料
訪問看護指示料算定　　　日,840000073.0,"""HomeCare""",1.0,-,-,訪問看護指示料算定日
診断書,95000011.0,"""OwnExpense""",1,回,-,診断書
診療情報提供料（１）,180016110.0,"""Control""",1.0,回,-,診療情報提供料
該当患者（持続血糖測定器）：１型糖尿病患者の患者（連動しない場合,820100660.0,"""HomeCare""",-,-,-,型糖尿病患者
該当患者（持続血糖測定器）：１型糖尿病患者の患者（連動する場合）,820100657.0,"""HomeCare""",-,-,-,型糖尿病患者
該当患者（持続血糖測定器）：２型糖尿病患者（連動しない場合）,820100662.0,"""HomeCare""",-,-,-,型糖尿病患者
該当患者（持続血糖測定器）：２型糖尿病患者（連動する場合）,820100659.0,"""HomeCare""",-,-,-,型糖尿病患者
認知症専門医療機関紹介加算,113011070.0,"""Control""",1,回,-,認知症専門医療機関紹介加算
超音波検査（心臓超音波検査）（経胸壁心エコー法）,160072510.0,"""Examination""",1.0,回,-,超音波検査
超音波検査（断層撮影法）（その他）,160165010.0,"""Examination""",1.0,回,-,超音波検査
超音波検査（断層撮影法）（胸腹部）,160072210.0,"""Examination""",1.0,回,-,超音波検査
超音波検査（断層撮影法）（胸腹部）：ア　消化器領域,820100681.0,"""Examination""",-,-,-,超音波検査
超音波検査（断層撮影法）（胸腹部）：イ　腎・泌尿器領域,820100682.0,"""Examination""",1.0,-,-,超音波検査
超音波検査（断層撮影法）（胸腹部）：エ　血管領域（大動脈・大静脈,820100684.0,"""Examination""",1.0,-,-,超音波検査
遠隔モニタリング加算（在宅持続陽圧呼吸療法指導管理料２）,114045670.0,"""HomeCare""",1.0,月,-,モニタリング
遠隔モニタリング加算（持呼）前回算定年月,850100145.0,"""HomeCare""",5050500.0,-,-,加算前回算定年月
酸化マグネシウム錠２５０ｍｇ「マイラン」,622171401.0,"""Medication""",1.0,錠,１日３回毎食後に,マグネシウム
酸化マグネシウム錠３３０ｍｇ「ケンエー」,622361101.0,"""Medication""",1.0,錠,１日３回毎食後に,マグネシウム
酸化マグネシウム錠３３０ｍｇ「ヨシダ」,620477001.0,"""Medication""",1.0,錠,１日３回毎食後に,マグネシウム
酸化マグネシウム錠５００ｍｇ「ケンエー」,622361201.0,"""Medication""",1.0,錠,１日１回朝食後に,マグネシウム
間歇注入シリンジポンプ加算（プログラム付き）,114022010.0,"""HomeCare""",1.0,回,-,シリンジポンプ
院外処方箋郵送手配料,95000008.0,"""OwnExpense""",1,回,-,院外処方箋郵送手配料
隔日投与,820100742.0,"""Medication""",-,-,１日１回朝食後に,隔日投与
難病外来指導管理料,113002910.0,"""Control""",1,回,-,難病外来指導管理料
風しん抗体検査（横浜市風しん対策事業）,95000018.0,"""OwnExpense""",0.0,円,-,抗体検査
風しん抗体検査（第５期クーポン）,95000030.0,"""OwnExpense""",0,円,-,抗体検査
食事療法及び運動療法を３〜６ヶ月間行っても改善されなかった（ベイ,820600107.0,"""Comment""",-,-,-,されなかった
食事療養を行っている（レパーサ皮下注４２０ｍｇオートミニドーザー,820600129.0,"""Comment""",-,-,-,オートミニドーザー
高血圧症又は脂質異常症の診断名（ベイスン錠０．２等）；,830600082.0,"""Comment""",-,-,-,高血圧症又
高血圧症治療補助プログラム加算（初回月から６か月）,113044950.0,"""Control""",1.0,回,-,高血圧症治療補助
高血圧症治療補助プログラム加算（治療開始時）,113044850.0,"""Control""",1.0,回,-,高血圧症治療補助
麻疹生ワクチン,96000190.0,"""OwnExpense""",1,回,-,ワクチン
鼻腔・咽頭拭い液採取,160208510.0,"""Examination""",1.0,回,-,咽頭拭
（一包化投与）,1000939.0,"""Medication""",-,-,１日１回朝食後に,一包化投与
１月の血糖自己測定回数（血糖自己測定器加算）,842100048.0,"""HomeCare""",60.0,-,-,血糖自己測定回数
２ｍｇセルシン錠,611170005.0,"""Medication""",1.0,錠,１日２回朝夕食後に,セルシン
５ｍｃｇチロナミン錠　５μｇ,612430010.0,"""Medication""",3.0,錠,１日１回夕食後に,チロナミン
６３枚を超えて湿布薬を投与した理由；,830000052.0,"""Medication""",-,-,１回　個医師の指示通りに,湿布薬
ＡＣＴＨ,160035610.0,"""Examination""",1.0,回,-,ＡＣＴＨ
ＡＬＴ,160022610.0,"""Examination""",1.0,回,-,ＡＬＴ
ＡＰＴＴ,160012310.0,"""Examination""",1,回,-,ＡＰＴＴ
ＡＳＴ,160022510.0,"""Examination""",1.0,回,-,ＡＳＴ
Ａｌｂ（ＢＣＰ改良法・ＢＣＧ法）,160018910.0,"""Examination""",1.0,回,-,Ａｌｂ
Ａｍｙ,160020310.0,"""Examination""",1.0,回,-,Ａｍｙ
Ｂ型肝炎,96000196.0,"""OwnExpense""",1.0,回,-,型肝炎
ＢＩＬ／総,160017010.0,"""Examination""",1.0,回,-,ＢＩＬ
ＢＵＮ,160019010.0,"""Examination""",1.0,回,-,ＢＵＮ
ＣＫ,160020610.0,"""Examination""",1.0,回,-,ＣＫ
ＣＰＲ,160033010.0,"""Examination""",1.0,回,-,ＣＰＲ
ＣＲＰ,160054710.0,"""Examination""",1.0,回,-,ＣＲＰ
Ｄｅｘｃｏｍ　Ｇ６　センサー,59000002.0,"""HomeCare""",1.0,回,-,ＤｅｘｃｏｍＧ
Ｄｅｘｃｏｍ　Ｇ６トランスミッターセット（トランスミッター１箱、アクロランセット１箱、ベリオセンサー,59000003.0,"""HomeCare""",1.0,キット,-,トランスミッターセット
ＥＣＧ１２,160068410.0,"""Examination""",1.0,回,-,ＥＣＧ
ＦＳＨ,160032910.0,"""Examination""",1.0,回,-,ＦＳＨ
ＦＴ３,160033210.0,"""Examination""",1.0,回,-,ＦＴ３
ＦＴ４,160033310.0,"""Examination""",1.0,回,-,ＦＴ４
Ｆｅ,160022110.0,"""Examination""",1.0,回,-,Ｆｅ
ＨＢｓ抗原,160049210.0,"""Examination""",1,回,-,ＨＢｓ
ＨＣＶ抗体定性・定量,160118510.0,"""Examination""",1,回,-,抗体定性
ＨＤＬ−コレステロール,160023410.0,"""Examination""",1.0,回,-,コレステロール
ＨｂＡ１ｃ,160010010.0,"""Examination""",1.0,回,-,ＨｂＡ
ＫＭ散,612330006.0,"""Medication""",1.3,ｇ,１日３回毎食後に,ＫＭ散
ＬＤＬ−コレステロール,160167250.0,"""Examination""",1.0,回,-,コレステロール
ＬＤＬ−コレステロール検査の実施年月日（レパーサ皮下注４２０ｍｇ,850600156.0,"""Comment""",4291028.0,-,-,コレステロール
ＬＤＬ−コレステロール検査値（レパーサ皮下注４２０ｍｇオートミ；,830600133.0,"""Comment""",-,-,-,コレステロール
ＬＨ,160149910.0,"""Examination""",1.0,回,-,ＬＨ
ＭＲワクチン（任意接種）,96000200.0,"""OwnExpense""",1.0,回,-,ワクチン
ＭＲワクチン（横浜市風しん対策事業）,95000019.0,"""OwnExpense""",1,回,-,ワクチン
ＭｉｎｉＭｅｄ　Ｑｕｉｃｋ−ｓｅｔ,59000103.0,"""HomeCare""",1.0,箱,-,ＭｉｎｉＭｅｄＱｕｉｃｋ
ＭｉｎｉＭｅｄ　Ｒｅｓｅｒｖｏｉｒ,59000102.0,"""HomeCare""",1.0,箱,-,ＭｉｎｉＭｅｄＲｅｓｅｒｖｏｉｒ
ＮＴ−ｐｒｏＢＮＰ,160181250.0,"""Examination""",1.0,回,-,ｐｒｏＢＮＰ
ＰＬ配合顆粒,620160501.0,"""Medication""",1.0,ｇ,１日３回毎食後に,配合顆粒
ＰＳＡ,160037510.0,"""Examination""",1.0,回,-,ＰＳＡ
ＰＴ,160012010.0,"""Examination""",1,回,-,ＰＴ
ＰＴＨ,160035510.0,"""Examination""",1,回,-,ＰＴＨ
ＳＧ配合顆粒,621558101.0,"""Medication""",1.0,ｇ,１日３回毎食後に,配合顆粒
ＳＰトローチ０．２５ｍｇ「明治」,620509501.0,"""Medication""",20.0,錠,★１日２～３回お使い下さい,トローチ
ＴＧ,160020910.0,"""Examination""",1.0,回,-,ＴＧ
ＴＩＢＣ（比色法）,160023610.0,"""Examination""",1.0,回,-,ＴＩＢＣ
ＴＲＡｂ,160035810.0,"""Examination""",1.0,回,-,ＴＲＡｂ
ＴＳＡｂ,160162550.0,"""Examination""",1.0,回,-,ＴＳＡｂ
ＴＳＨ,160031710.0,"""Examination""",1.0,回,-,ＴＳＨ
ＵＡ,160019310.0,"""Examination""",1.0,回,-,ＵＡ
Ｚｎ,160029110.0,"""Examination""",1.0,回,-,Ｚｎ
