order_name,order_code,yakkakjncd,recipe_category,recipe_quantity,recipe_unit,direction_usage,abbreviation
-,810000001.0,-,"""Comment""",-,-,-,省略危険文字列
-,810000001.0,-,"""Control""",1.0,-,-,省略危険文字列
-,810000001.0,-,"""Examination""",1.0,-,-,省略危険文字列
-,810000001.0,-,"""HomeCare""",-,-,-,省略危険文字列
-,810000001.0,-,"""Injection""",-,-,-,省略危険文字列
-,810000001.0,-,"""Medication""",-,-,医師の指示通り,省略危険文字列
γ−ＧＴ,160020410.0,-,"""Examination""",1.0,回,-,γ−ＧＴ
がん治療連携指導料,113012110.0,-,"""Control""",1.0,回,-,治療連携指導料
その他,95000013.0,-,"""OwnExpense""",1100.0,円,-,その他
てんかん指導料,113002850.0,-,"""Control""",1.0,回,-,てんかん
アイトロール錠２０ｍｇ,612170717.0,2171023F2020,"""Medication""",1.0,錠,１日１回朝食後,アイトロール
アクトシン軟膏３％,620007553.0,2699703M1039,"""Medication""",30.0,ｇ,医師の指示通り,アクトシン
アサコール錠４００ｍｇ,621969902.0,2399009F3028,"""Medication""",6.0,錠,１日３回毎食後,アサコール
アザルフィジンＥＮ錠２５０ｍｇ,610463004.0,6219001H2036,"""Medication""",2.0,錠,１日２回朝夕食後,アザルフィジン
アザルフィジンＥＮ錠５００ｍｇ,620004897.0,6219001H1056,"""Medication""",2.0,錠,１日２回朝夕食後,アザルフィジン
アジョビ皮下注２２５ｍｇオートインジェクター　１．５ｍＬ,629918601.0,-,"""Injection""",1.0,キット,-,オートインジェクター
アジルバ錠１０ｍｇ,622341401.0,2149048F3025,"""Medication""",1.0,錠,１日１回朝食後,アジルバ
アジルバ錠２０ｍｇ,622143501.0,2149048F1022,"""Medication""",1.0,錠,１日１回朝食後,アジルバ
アジルバ錠４０ｍｇ,622143601.0,2149048F2029,"""Medication""",1.0,錠,１日１回朝食後,アジルバ
アスピリン１００ｍｇ腸溶錠,622897300.0,3399007H1013,"""Medication""",1.0,錠,１日１回朝食後,アスピリン
アスベリンドライシロップ２％,620002503.0,2249003R1043,"""Medication""",0.75,ｇ,１日３回毎食後,アスベリンドライシロップ
アスベリン散１０％,620002500.0,2249003B1037,"""Medication""",0.6,ｇ,１日３回毎食後,アスベリン
アスベリン錠１０　１０ｍｇ,620003073.0,2249003F1012,"""Medication""",3.0,錠,１日３回毎食後,アスベリン
アスベリン錠２０　２０ｍｇ,612220036.0,2249003F2019,"""Medication""",3.0,錠,１日３回毎食後,アスベリン
アズノールうがい液４％,660463002.0,2260700F1021,"""Medication""",30.0,ｍＬ,１日数回うがい,アズノール
アズレンスルホン酸ナトリウム・Ｌ−グルタミン配合顆粒「クニヒロ」,621981701.0,2329122D1465,"""Medication""",0.5,ｇ,１日１回朝食後,アズレンスルホン
アセトアミノフェン,611140022.0,1141001X1010,"""Medication""",0.9,ｇ,１日３回毎食後,アセトアミノフェン
アセトアミノフェン２００ｍｇ錠,622888200.0,1141007F1012,"""Medication""",2.0,錠,痛む時,アセトアミノフェン
アセリオ静注液１０００ｍｇバッグ　１，０００ｍｇ１００ｍＬ,622525501.0,-,"""Injection""",1.0,袋,-,アセリオ
アゼルニジピン８ｍｇ錠,622892000.0,2149043F1011,"""Medication""",2.0,錠,１日２回朝夕食後,アゼルニジピン
アゾセミド３０ｍｇ錠,622721400.0,2139008F2010,"""Medication""",1.0,錠,１日１回朝食後,アゾセミド
アタラックス−Ｐ注射液（２５ｍｇ／ｍｌ）　２．５％１ｍＬ,641170001.0,-,"""Injection""",0.5,管,-,アタラックス
アダラートＣＲ錠２０ｍｇ,610421321.0,2171014G4029,"""Medication""",1.0,錠,１日１回朝食後,アダラート
アテノロール錠２５ｍｇ「サワイ」,620254411.0,2123011F1015,"""Medication""",1.0,錠,１日１回朝食後,アテノロール
アテノロール２５ｍｇ錠,610461002.0,2123011F1015,"""Medication""",1.0,錠,１日１回朝食後,アテノロール
アテノロール５０ｍｇ錠,610461003.0,2123011F2011,"""Medication""",1.0,錠,１日１回朝食後,アテノロール
アテレック錠１０　１０ｍｇ,610407148.0,2149037F2039,"""Medication""",1.0,錠,１日１回朝食後,アテレック
アテレック錠５　５ｍｇ,610407147.0,2149037F1032,"""Medication""",1.0,錠,１日１回朝食後,アテレック
アデノウイルス抗原定性（糞便を除く。）,160148810.0,-,"""Examination""",1.0,回,-,アデノウイルス
アデホスコーワ顆粒１０％,620003503.0,3992001D1059,"""Medication""",3.0,ｇ,１日３回毎食後,アデホスコーワ
アトルバスタチンカルシウム５ｍｇ錠,622475000.0,2189015F1015,"""Medication""",0.5,錠,医師の指示通り,アトルバスタチンカルシウム
アトルバスタチン錠１０ｍｇ「アメル」,622143901.0,2189015F2119,"""Medication""",1.0,錠,１日１回朝食後,アトルバスタチン
アトルバスタチン錠５ｍｇ「アメル」,622143801.0,2189015F1015,"""Medication""",0.5,錠,１日１回夕食後,アトルバスタチン
アトルバスタチン錠５ｍｇ「トーワ」,622110401.0,2189015F1015,"""Medication""",0.5,錠,医師の指示通り,アトルバスタチン
アトルバスタチンＯＤ錠５ｍｇ「トーワ」,622280701.0,2189015F3026,"""Medication""",1.0,錠,１日１回夕食後,アトルバスタチン
アドエア２５０ディスカス２８吸入用　２８ブリスター,621781501.0,2290800G2039,"""Medication""",1.0,キット,１回１吸入１日２回朝夕,ディスカス
アドフィードパップ４０ｍｇ　１０ｃｍ×１４ｃｍ,620006366.0,2649732S1130,"""Medication""",56.0,枚,医師の指示通り,アドフィードパップ
アニュイティ１００μｇエリプタ３０吸入用,622552201.0,2290705G1029,"""Medication""",2.0,キット,１回１吸入１日１回朝,アニュイティ
アフタゾロン口腔用軟膏０．１％,620006368.0,2399706M1087,"""Medication""",5.0,ｇ,１日数回　塗布,アフタゾロン
アポハイドローション２０％,622930601.0,-,"""Medication""",8.64,ｇ,１日１回お使い下さい。,アポハイドローション
アマリール３ｍｇ錠,610443003.0,3961008F2027,"""Medication""",1.0,錠,１日１回朝食後,アマリール
アマンタジン塩酸塩５０ｍｇ錠,622710800.0,1161001F1018,"""Medication""",2.0,錠,１日２回朝昼食後,アマンタジン
アマージ錠２．５ｍｇ,620006771.0,2160007F1020,"""Medication""",1.0,錠,痛む時,アマージ
アミティーザカプセル１２μｇ,622653501.0,2359006M2021,"""Medication""",2.0,カプセル,１日２回朝夕食後,アミティーザカプセル
アミティーザカプセル２４μｇ,622182901.0,2359006M1025,"""Medication""",2.0,カプセル,１日２回朝夕食後,アミティーザカプセル
アミトリプチリン塩酸塩錠　１０ｍｇ,611170473.0,1179002F1017,"""Medication""",1.0,錠,１日１回夕食後,アミトリプチリン
アミノフィリン注射液　２．５％１０ｍＬ,642110008.0,-,"""Injection""",0.5,管,-,アミノフィリン
アミラーゼアイソザイム,160026410.0,-,"""Examination""",1.0,回,-,アミラーゼアイソザイム
アムロジピン錠１０ｍｇ「アメル」,622201301.0,2171022F5148,"""Medication""",1.0,錠,１日１回朝食後,アムロジピン
アムロジピン錠２．５ｍｇ「トーワ」,620007846.0,2171022F1010,"""Medication""",1.0,錠,１日１回朝食後,アムロジピン
アムロジピン錠５ｍｇ「トーワ」,620007880.0,2171022F2017,"""Medication""",1.0,錠,１日１回朝食後,アムロジピン
アムロジピンＯＤ錠１０ｍｇ「トーワ」,622143101.0,2171022F6047,"""Medication""",1.0,錠,１日１回朝食後,アムロジピン
アムロジピンＯＤ錠２．５ｍｇ「トーワ」,620007817.0,2171022F3013,"""Medication""",1.0,錠,１日１回朝食後,アムロジピン
アムロジピンＯＤ錠５ｍｇ「アメル」,621949201.0,2171022F4010,"""Medication""",1.0,錠,１日１回朝食後,アムロジピン
アムロジン錠２．５ｍｇ,620005904.0,2171022F1045,"""Medication""",1.0,錠,１日１回朝食後,アムロジン
アムロジン錠５ｍｇ,620005905.0,2171022F2041,"""Medication""",1.0,錠,１日１回朝食後,アムロジン
アムロジンＯＤ錠２．５ｍｇ,620003886.0,2171022F3021,"""Medication""",1.0,錠,１日１回朝食後,アムロジン
アムロジンＯＤ錠５ｍｇ,620003887.0,2171022F4028,"""Medication""",1.0,錠,１日１回朝食後,アムロジン
アメナリーフ錠２００ｍｇ,622573501.0,6250046F1028,"""Medication""",6.0,錠,医師の指示通り,アメナリーフ
アラセナ−Ａ軟膏３％,620008961.0,6250700M1189,"""Medication""",5.0,ｇ,医師の指示通り,アラセナ
アラミスト点鼻液２７．５μｇ５６噴霧用　３ｍｇ６ｇ,621911701.0,1329711Q1021,"""Medication""",1.0,キット,１日１回お使い下さい。,アラミスト
アリセプトＤ錠１０ｍｇ,620005909.0,1190012F6028,"""Medication""",1.0,錠,１日１回朝食後,アリセプト
アリセプトＤ錠５ｍｇ,620001923.0,1190012F4025,"""Medication""",1.0,錠,１日１回朝食後,アリセプト
アリピプラゾール３ｍｇ口腔内崩壊錠,622609800.0,1179045F4014,"""Medication""",0.5,錠,１日１回朝食後,アリピプラゾール
アリピプラゾール３ｍｇ錠,622609700.0,1179045F1015,"""Medication""",1.0,錠,１日１回朝食後,アリピプラゾール
アリミデックス錠１ｍｇ,620003507.0,4291010F1031,"""Medication""",1.0,錠,１日１回朝食後,アリミデックス
アルサルミン細粒９０％,620006833.0,2329008C1097,"""Medication""",2.0,ｇ,１日２回朝夕食後,アルサルミン
アルジオキサ２５％顆粒,622893700.0,2329002D3012,"""Medication""",1.2,ｇ,１日３回毎食後,アルジオキサ
アルダクトンＡ錠２５ｍｇ,620004915.0,2133001F1522,"""Medication""",0.5,錠,１日１回朝食後,アルダクトン
アルドステロン,160034110.0,-,"""Examination""",1.0,回,-,アルドステロン
アルファカルシドール０．５μｇ錠,610461012.0,3112001F2019,"""Medication""",1.0,錠,１日１回朝食後,アルファカルシドール
アルファカルシドール１μｇカプセル,610461013.0,3112001M3014,"""Medication""",1.0,カプセル,１日１回朝食後,アルファカルシドール
アルファカルシドール１μｇ錠,610461014.0,3112001F3015,"""Medication""",1.0,錠,１日１回朝食後,アルファカルシドール
アルファロールカプセル１μｇ,613110003.0,3112001M3065,"""Medication""",1.0,カプセル,１日１回朝食後,アルファロールカプセル
アルファロール散１μｇ／ｇ,620003508.0,3112001B4036,"""Medication""",0.5,ｇ,１日１回朝食後,アルファロール
アルブミン定量（尿）,160004810.0,-,"""Examination""",1.0,回,-,アルブミン
アルプラゾラム錠０．４ｍｇ「サワイ」,620049901.0,1124023F1010,"""Medication""",1.0,錠,１日１回夕食後,アルプラゾラム
アルロイドＧ内用液５％,620456601.0,2329116S1094,"""Medication""",30.0,ｍＬ,１日３回毎食前,アルロイド
アレグラ錠３０ｍｇ,620004412.0,4490023F2020,"""Medication""",2.0,錠,１日２回朝夕食後,アレグラ
アレグラ錠６０ｍｇ,610443040.0,4490023F1024,"""Medication""",2.0,錠,１日２回朝夕食後,アレグラ
アレジオン点眼液０．０５％,622279001.0,1319762Q1028,"""Medication""",5.0,ｍＬ,医師の指示通り,アレジオン
アレジオン錠２０　２０ｍｇ,614490030.0,4490014F2021,"""Medication""",1.0,錠,１日１回就寝前,アレジオン
アレジオンＬＸ点眼液０．１％,622695901.0,1319762Q2024,"""Medication""",10.0,ｍＬ,１日右２回左２回,アレジオン
アレロック顆粒０．５％,622090301.0,4490025D1022,"""Medication""",2.0,ｇ,１日２回朝夕食後,アレロック
アレロックＯＤ錠５　５ｍｇ,622014201.0,4490025F4022,"""Medication""",2.0,錠,１日２回朝夕食後,アレロック
アレンドロン酸錠３５ｍｇ「アメル」,622091401.0,3999018F2117,"""Medication""",1.0,錠,医師の指示通り,アレンドロン
アロチノロール塩酸塩１０ｍｇ錠,622719100.0,2123014F2015,"""Medication""",1.0,錠,１日１回朝食後,アロチノロール
アロチノロール塩酸塩５ｍｇ錠,622719000.0,2123014F1019,"""Medication""",2.0,錠,１日２回朝夕食後,アロチノロール
アロプリノール１００ｍｇ錠,622310800.0,3943001F1012,"""Medication""",1.0,錠,１日１回朝食後,アロプリノール
アンテベートローション０．０５％,660463005.0,2646730Q1026,"""Medication""",20.0,ｇ,医師の指示通りにお使い下さい。,アンテベートローション
アンテベート軟膏０．０５％,620008965.0,2646730M1059,"""Medication""",25.0,ｇ,医師の指示通り,アンテベート
アンヒバ坐剤小児用２００ｍｇ,620002622.0,1141700J3110,"""Medication""",10.0,個,医師の指示通り,坐剤小児用
アンブロキソール塩酸塩錠１５ｍｇ「サワイ」,620004924.0,2239001F1017,"""Medication""",3.0,錠,１日３回毎食後,アンブロキソール
アンブロキソール塩酸塩１５ｍｇ錠,622310900.0,2239001F1017,"""Medication""",3.0,錠,１日３回毎食後,アンブロキソール
アンブロキソール塩酸塩４５ｍｇ徐放性口腔内崩壊錠,622730000.0,2239001G1012,"""Medication""",1.0,錠,１日１回朝食後,徐放性口腔内崩壊錠
アンモニア,160025910.0,-,"""Examination""",1.0,回,-,アンモニア
アーチスト錠１０ｍｇ,612140702.0,2149032F1021,"""Medication""",1.0,錠,１日１回朝食後,アーチスト
アーチスト錠２．５ｍｇ,610462040.0,2149032F4020,"""Medication""",1.0,錠,１日１回朝食後,アーチスト
アーテン錠（２ｍｇ）,611240415.0,1169001F1024,"""Medication""",4.0,錠,１日２回朝夕食後,アーテン
イグザレルト錠１５ｍｇ,622068401.0,3339003F2020,"""Medication""",1.0,錠,１日１回朝食後,イグザレルト
イコサペント酸エチル３００ｍｇカプセル,622738900.0,3399004M1018,"""Medication""",6.0,カプセル,１日３回毎食後,イコサペント
イコサペント酸エチル９００ｍｇ粒状カプセル,622739100.0,3399004M4017,"""Medication""",2.0,包,１日２回朝夕食後,イコサペント
イソジンガーグル液７％,620008969.0,2260701F1271,"""Medication""",30.0,ｍＬ,１日数回うがい,イソジンガーグル
イドメシンコーワクリーム１％,620007591.0,2649719N1092,"""Medication""",100.0,ｇ,医師の指示通り,イドメシンコーワクリーム
イナビル吸入粉末剤２０ｍｇ,622012101.0,6250703G1022,"""Medication""",2.0,キット,医師の指示通りにお使い下さい。,吸入粉末剤
イノラス配合経腸用液,622676401.0,3259120S1021,"""Medication""",562.5,ｍＬ,１日３回毎食後,配合経腸用液
イフェクサーＳＲカプセル３７．５ｍｇ,622449501.0,1179055N1021,"""Medication""",1.0,カプセル,１日１回夕食後,イフェクサー
イフェンプロジル酒石酸塩錠２０ｍｇ「サワイ」,620352402.0,2190005F2019,"""Medication""",3.0,錠,１日３回毎食後,イフェンプロジル
イミグラン点鼻液２０　２０ｍｇ０．１ｍＬ,660470003.0,2160700Q1027,"""Medication""",30.0,個,医師の指示通り,イミグラン
イミダプリル塩酸塩錠１０ｍｇ「オーハラ」,620007929.0,2144008F3016,"""Medication""",1.0,錠,１日１回朝食後,イミダプリル
イミダプリル塩酸塩５ｍｇ錠,622891100.0,2144008F2010,"""Medication""",1.0,錠,１日１回朝食後,イミダプリル
イリボー錠２．５μｇ,620008435.0,2399014F1026,"""Medication""",1.0,錠,１日１回朝食後,イリボー
イルアミクス配合錠ＨＤ「トーワ」,622627501.0,2149118F2158,"""Medication""",1.0,錠,１日１回朝食後,イルアミクス
イルベサルタン１００ｍｇ錠,622689500.0,2149046F2011,"""Medication""",1.0,錠,１日１回朝食後,イルベサルタン
インクレミンシロップ５％,620005924.0,3222012Q1030,"""Medication""",15.0,ｍＬ,１日３回毎食後,インクレミンシロップ
インスリン　グラルギンＢＳ注ミリオペン「リリー」　３００単位,622411001.0,-,"""HomeCare""",1.0,キット,-,インスリングラルギン
インデラル錠１０ｍｇ,612120016.0,2123008F1048,"""Medication""",1.0,錠,１日１回朝食後,インデラル
インフリーＳカプセル２００ｍｇ,610406402.0,1145005M2026,"""Medication""",2.0,カプセル,１日２回朝夕食後,インフリー
インフルエンザウイルス抗原定性,160169450.0,-,"""Examination""",1.0,回,-,インフルエンザウイルス
インフルエンザワクチン,95000011.0,-,"""OwnExpense""",0.0,円,-,インフルエンザワクチン
インフルエンザワクチン高齢者,95000009.0,-,"""OwnExpense""",1.0,回,-,インフルエンザワクチン
イーケプラ錠５００ｍｇ,621997501.0,1139010F2020,"""Medication""",2.0,錠,１日２回朝夕食後,イーケプラ
イーシー・ドパール配合錠,620123601.0,1169100F1052,"""Medication""",4.0,錠,１日３回毎食後,イーシー
ウラリット配合錠,620858001.0,3949101F1073,"""Medication""",6.0,錠,１日３回毎食後,ウラリット
ウリアデック錠４０ｍｇ,622265901.0,3949004F2024,"""Medication""",2.0,錠,１日２回朝夕食後,ウリアデック
ウルソデオキシコール酸５０ｍｇ錠,622895200.0,2362001F1010,"""Medication""",3.0,錠,１日３回毎食後,ウルソデオキシコール
ウルソ錠１００ｍｇ,620001970.0,2362001F2149,"""Medication""",3.0,錠,１日３回毎食後,ウルソ
ウルティブロ吸入用カプセル,622287701.0,2259805G1027,"""Medication""",30.0,カプセル,医師の指示通り,ウルティブロ
ウレパールローション１０％,620005256.0,2669701Q1040,"""Medication""",200.0,ｇ,医師の指示通り,ウレパールローション
エクア錠５０ｍｇ,621980701.0,3969011F1020,"""Medication""",2.0,錠,１日２回朝夕食後,エクア
エクセグラン散２０％,620001972.0,1139005B1048,"""Medication""",1.5,ｇ,１日２回朝夕食後,エクセグラン
エクセグラン錠１００ｍｇ,611130087.0,1139005F1023,"""Medication""",0.25,錠,１日１回朝食後,エクセグラン
エゼチミブ１０ｍｇ錠,622846700.0,2189018F1019,"""Medication""",1.0,錠,１日１回朝食後,エゼチミブ
エチゾラム錠０．２５ｍｇ「アメル」,622418501.0,1179025F3010,"""Medication""",2.0,錠,１日１回就寝前,エチゾラム
エチゾラム０．５ｍｇ錠,622713400.0,1179025F1018,"""Medication""",1.0,錠,不眠時,エチゾラム
エックスフォージ配合錠,621980801.0,2149114F1021,"""Medication""",1.0,錠,１日１回朝食後,エックスフォージ
エックスフォージ配合ＯＤ錠,622422901.0,2149114F2028,"""Medication""",1.0,錠,１日１回朝食後,エックスフォージ
エディロールカプセル０．５μｇ,622042502.0,3112006M1022,"""Medication""",1.0,カプセル,１日１回朝食後,エディロールカプセル
エディロールカプセル０．７５μｇ,622042602.0,3112006M2029,"""Medication""",1.0,カプセル,１日１回朝食後,エディロールカプセル
エナラプリルマレイン酸塩２．５ｍｇ錠,622721700.0,2144002F1016,"""Medication""",1.0,錠,１日１回朝食後,エナラプリルマレイン
エナラプリルマレイン酸塩５ｍｇ錠,622689700.0,2144002F2012,"""Medication""",1.0,錠,１日１回朝食後,エナラプリルマレイン
エバスチンＯＤ錠１０ｍｇ「科研」,620007959.0,4490019F4019,"""Medication""",1.0,錠,医師の指示通り,エバスチン
エバミール錠１．０　１ｍｇ,611120118.0,1124010F1021,"""Medication""",1.0,錠,１日１回就寝前,エバミール
エパデールＳ９００　９００ｍｇ,620001924.0,3399004M4025,"""Medication""",2.0,包,１日２回朝夕食後,エパデール
エパルレスタット５０ｍｇ錠,622311100.0,3999013F1010,"""Medication""",3.0,錠,１日３回毎食後,エパルレスタット
エピナスチン塩酸塩錠１０ｍｇ「ＳＮ」,621485003.0,4490014F1017,"""Medication""",1.0,錠,１日１回就寝前,エピナスチン
エピナスチン塩酸塩２０ｍｇ錠,622311300.0,4490014F2013,"""Medication""",1.0,錠,１日１回就寝前,エピナスチン
エフィエント錠３．７５ｍｇ,622336601.0,3399009F1020,"""Medication""",1.0,錠,１日１回朝食後,エフィエント
エムガルティ皮下注１２０ｍｇオートインジェクター　１ｍＬ,629912201.0,-,"""HomeCare""",1.0,キット,-,オートインジェクター
エムガルティ皮下注１２０ｍｇオートインジェクター　１ｍＬ,629912201.0,-,"""Injection""",1.0,キット,-,オートインジェクター
エムラクリーム,622138101.0,-,"""Anesthesia""",5.0,ｇ,-,エムラクリーム
エリキュース錠２．５ｍｇ,622224901.0,3339004F1029,"""Medication""",2.0,錠,１日２回朝夕食後,エリキュース
エリキュース錠５ｍｇ,622225001.0,3339004F2025,"""Medication""",2.0,錠,１日２回朝夕食後,エリキュース
エリスロポエチン,160125650.0,-,"""Examination""",1.0,回,-,エリスロポエチン
エルデカルシトールカプセル０．５μｇ「日医工」,622788001.0,3112006M1049,"""Medication""",1.0,カプセル,１日１回朝食後,エルデカルシトールカプセル
エンシュア・リキッド,613250027.0,3259109S1025,"""Medication""",250.0,ｍＬ,医師の指示通り,エンシュア
エンシュア・Ｈ,610407025.0,3259114S1026,"""Medication""",750.0,ｍＬ,１日３回毎食後,エンシュア
エンペシドクリーム１％,620656601.0,2655700N1176,"""Medication""",20.0,ｇ,医師の指示通りにお使い下さい。,エンペシドクリーム
オイラックスＨクリーム,620004794.0,2649800N1029,"""Medication""",25.0,ｇ,かゆみ止めとして,オイラックス
オノンカプセル１１２．５ｍｇ,620003139.0,4490017M1036,"""Medication""",4.0,カプセル,１日２回朝夕食後,オノンカプセル
オノンドライシロップ１０％,620003140.0,4490017R1033,"""Medication""",1.4,ｇ,１日２回朝夕食後,オノンドライシロップ
オメプラゾール１０ｍｇ腸溶錠,622735300.0,2329022H2015,"""Medication""",1.0,錠,１日１回朝食後,オメプラゾール
オメプラゾール２０ｍｇ腸溶錠,622735200.0,2329022H1019,"""Medication""",1.0,錠,１日１回朝食後,オメプラゾール
オランザピンＯＤ錠２．５ｍｇ「アメル」,622499301.0,1179044F6012,"""Medication""",0.5,錠,１日１回就寝前,オランザピン
オルメサルタン錠２０ｍｇ「オーハラ」,622592301.0,2149044F2012,"""Medication""",2.0,錠,１日２回朝夕食後,オルメサルタン
オルメサルタンＯＤ錠１０ｍｇ「アメル」,622593701.0,2149044F5011,"""Medication""",1.0,錠,１日１回朝食後,オルメサルタン
オルメサルタンＯＤ錠１０ｍｇ「サワイ」,622587901.0,2149044F5011,"""Medication""",1.0,錠,１日１回朝食後,オルメサルタン
オルメサルタンＯＤ錠２０ｍｇ「アメル」,622593801.0,2149044F6018,"""Medication""",1.0,錠,１日１回朝食後,オルメサルタン
オルメテックＯＤ錠１０ｍｇ,622452801.0,2149044F5020,"""Medication""",2.0,錠,１日２回朝夕食後,オルメテック
オルメテックＯＤ錠５ｍｇ,622540001.0,2149044F8029,"""Medication""",1.0,錠,１日１回朝食後,オルメテック
オロパタジン塩酸塩錠５ｍｇ「ケミファ」,622209301.0,4490025F2011,"""Medication""",2.0,錠,１日２回朝夕食後,オロパタジン
オロパタジン塩酸塩錠５ｍｇ「日医工」,622207701.0,4490025F2011,"""Medication""",2.0,錠,１日２回朝食後及び就寝前,オロパタジン
オロパタジン塩酸塩顆粒０．５％「トーワ」,622371701.0,4490025D1030,"""Medication""",1.0,ｇ,１日２回朝食後及び就寝前,オロパタジン
オロパタジン塩酸塩ＯＤ錠５ｍｇ「テバ」,622195901.0,4490025F4014,"""Medication""",2.0,錠,１日２回朝夕食後,オロパタジン
オロパタジン点眼液０．１％「ＴＳ」,622877201.0,1319752Q1032,"""Medication""",5.0,ｍＬ,医師の指示通り,オロパタジン
オングリザ錠５ｍｇ,622245701.0,3969017F2024,"""Medication""",1.0,錠,１日１回朝食後,オングリザ
オーグメンチン配合錠２５０ＲＳ　３７５ｍｇ,621116301.0,6139100F2044,"""Medication""",3.0,錠,１日３回毎食後,オーグメンチン
オースギ半夏厚朴湯エキスＴ錠,615101053.0,5200122F1024,"""Medication""",12.0,錠,１日３回毎食前,半夏厚朴湯
カテコールアミン分画,160033410.0,-,"""Examination""",1.0,回,-,カテコールアミン
カナグル錠１００ｍｇ,622360601.0,3969022F1029,"""Medication""",1.0,錠,１日１回朝食後,カナグル
カナリア配合錠,622573601.0,3969106F1028,"""Medication""",1.0,錠,１日１回朝食後,カナリア
カモスタットメシル酸塩１００ｍｇ錠,610461256.0,3999003F1017,"""Medication""",6.0,錠,１日３回毎食後,カモスタットメシル
カリウム,160021410.0,-,"""Examination""",1.0,回,-,カリウム
カルシウム,160021510.0,-,"""Examination""",1.0,回,-,カルシウム
カルシトニン,160033610.0,-,"""Examination""",1.0,回,-,カルシトニン
カルシトリオール０．２５μｇカプセル,622737800.0,3112004M1015,"""Medication""",1.0,カプセル,１日１回朝食後,カルシトリオール
カルシトリオール０．５μｇカプセル,622737900.0,3112004M2011,"""Medication""",1.0,カプセル,１日１回朝食後,カルシトリオール
カルスロット錠２０　２０ｍｇ,612140556.0,2149027F3023,"""Medication""",1.0,錠,１日１回朝食後,カルスロット
カルバゾクロムスルホン酸Ｎａ静注１００ｍｇトーワ０．５％２０ｍＬ,620801602.0,-,"""Injection""",1.0,管,-,カルバゾクロムスルホン
カルバマゼピン１００ｍｇ錠,622887800.0,1139002F2018,"""Medication""",4.0,錠,１日２回朝夕食後,カルバマゼピン
カルブロック錠１６ｍｇ,610470002.0,2149043F2026,"""Medication""",1.0,錠,１日１回朝食後,カルブロック
カルベジロール錠１．２５ｍｇ「アメル」,622500301.0,2149032F3016,"""Medication""",1.0,錠,１日１回朝食後,カルベジロール
カルベジロール錠１０ｍｇ「アメル」,622049001.0,2149032F1013,"""Medication""",1.0,錠,１日１回朝食後,カルベジロール
カルベジロール２．５ｍｇ錠,622725400.0,2149032F4012,"""Medication""",1.0,錠,１日１回朝食後,カルベジロール
カルボシステイン細粒５０％「ツルハラ」,620382702.0,2233002C1089,"""Medication""",1.634,ｇ,１日３回毎食後,カルボシステイン
カルボシステイン錠５００ｍｇ「サワイ」,621992102.0,2233002F2103,"""Medication""",3.0,錠,１日３回毎食後,カルボシステイン
カルボシステインＤＳ５０％「タカタ」,621973701.0,2233002R2010,"""Medication""",1.5,ｇ,１日３回毎食後,カルボシステイン
カロナール細粒２０％,620002022.0,1141007C1075,"""Medication""",0.5,ｇ,発熱時,カロナール
カロナール細粒５０％,620000032.0,1141007C2020,"""Medication""",0.5,ｇ,発熱時,カロナール
カロナール錠２００　２００ｍｇ,620002023.0,1141007F1012,"""Medication""",2.0,錠,発熱時,カロナール
カロナール錠３００　３００ｍｇ,620000033.0,1141007F2027,"""Medication""",1.0,錠,発熱時,カロナール
カロナール錠５００　５００ｍｇ,622381201.0,1141007F3023,"""Medication""",1.0,錠,発熱時,カロナール
カンデサルタンシレキセチル８ｍｇ錠,622474300.0,2149040F3010,"""Medication""",1.0,錠,１日１回朝食後,カンデサルタンシレキセチル
カンデサルタン錠１２ｍｇ「ＹＤ」,622367701.0,2149040F4017,"""Medication""",1.0,錠,１日１回朝食後,カンデサルタン
カンデサルタン錠２ｍｇ「あすか」,622357801.0,2149040F1018,"""Medication""",1.0,錠,１日１回朝食後,カンデサルタン
カンデサルタン錠２ｍｇ「アメル」,622395401.0,2149040F1018,"""Medication""",1.0,錠,１日１回朝食後,カンデサルタン
カンデサルタン錠４ｍｇ「トーワ」,622372101.0,2149040F2014,"""Medication""",1.0,錠,１日１回朝食後,カンデサルタン
カンデサルタン錠８ｍｇ「アメル」,622395601.0,2149040F3010,"""Medication""",1.0,錠,１日１回朝食後,カンデサルタン
カンデサルタンＯＤ錠４ｍｇ「サワイ」,622390301.0,2149040F6010,"""Medication""",2.0,錠,１日１回朝食後,カンデサルタン
ガスコン錠４０ｍｇ,612370013.0,2318001F1063,"""Medication""",3.0,錠,１日３回毎食後,ガスコン
ガスターＤ錠１０ｍｇ,610444041.0,2325003F3035,"""Medication""",2.0,錠,１日２回朝夕食後,ガスター
ガスターＤ錠２０ｍｇ,610444042.0,2325003F4031,"""Medication""",1.0,錠,１日１回朝食後,ガスター
ガスモチン錠５ｍｇ,610421335.0,2399010F2024,"""Medication""",3.0,錠,１日３回毎食後,ガスモチン
ガンマオリザノール錠５０ｍｇ「ツルハラ」,620673518.0,2900002F5010,"""Medication""",1.0,錠,１日１回朝食後,ガンマオリザノール
キサラタン点眼液０．００５％,620224801.0,1319739Q1037,"""Medication""",10.0,ｍＬ,医師の指示通り,キサラタン
キシロカイン注シリンジ１％　１０ｍＬ,620002937.0,-,"""Injection""",1.0,筒,-,キシロカイン
キシロカイン注ポリアンプ１％　５ｍＬ,620007262.0,-,"""Injection""",1.0,管,-,キシロカイン
キプレス錠１０ｍｇ,620006885.0,4490026F2040,"""Medication""",1.0,錠,１日１回就寝前,キプレス
キュバール１００エアゾール　１５ｍｇ８．７ｇ,660462002.0,2259703Y1025,"""Medication""",2.0,瓶,医師の指示通りにお使い下さい。,キュバール
キンダベート軟膏０．０５％,620005261.0,2646722M1100,"""Medication""",25.0,ｇ,医師の指示通り,キンダベート
クエン酸第一鉄ナトリウム鉄５０ｍｇ錠　鉄５０ｍｇ,622738200.0,3222013F1017,"""Medication""",1.0,錠,１日１回朝食後,ナトリウム
クラシエ半夏厚朴湯エキス錠,620005414.0,5200122F1067,"""Medication""",12.0,錠,１日３回毎食前,半夏厚朴湯
クラシエ小青竜湯エキス錠,620005406.0,5200075F1052,"""Medication""",18.0,錠,１日３回毎食前,クラシエ
クラビット点眼液０．５％,620004798.0,1319742Q1039,"""Medication""",5.0,ｍＬ,１日左１回,クラビット
クラビット点眼液１．５％,622061301.0,1319742Q2027,"""Medication""",5.0,ｍＬ,医師の指示通り,クラビット
クラビット錠２５０ｍｇ　（レボフロキサシンとして）,621925701.0,6241013F2020,"""Medication""",1.0,錠,１日１回昼食後,クラビット
クラビット錠５００ｍｇ　（レボフロキサシンとして）,621925801.0,6241013F3027,"""Medication""",1.0,錠,１日１回夕食後,クラビット
クラミドフィラ・ニューモニエＩｇＭ抗体,160177050.0,-,"""Examination""",1.0,回,-,クラミドフィラ
クラリシッド錠２００ｍｇ,616140102.0,6149003F2020,"""Medication""",2.0,錠,１日２回朝夕食後,クラリシッド
クレアチニン,160019210.0,-,"""Examination""",1.0,回,-,クレアチニン
クレアチニン（尿）,160132150.0,-,"""Examination""",1.0,回,-,クレアチニン
クレストール錠２．５ｍｇ,620002477.0,2189017F1022,"""Medication""",1.0,錠,１日１回夕食後,クレストール
クレストール錠５ｍｇ,620002478.0,2189017F2029,"""Medication""",1.0,錠,１日１回夕食後,クレストール
クレストールＯＤ錠２．５ｍｇ,622441101.0,2189017F3025,"""Medication""",1.0,錠,１日１回朝食後,クレストール
クロチアゼパム５ｍｇ錠,622712200.0,1179012F1010,"""Medication""",2.0,錠,１日２回朝夕食後,クロチアゼパム
クロピドグレル硫酸塩７５ｍｇ錠,622475500.0,3399008F2013,"""Medication""",1.0,錠,１日１回朝食後,クロピドグレル
クロピドグレル錠７５ｍｇ「ＳＡＮＩＫ」,622434601.0,3399008F2110,"""Medication""",1.0,錠,１日１回朝食後,クロピドグレル
クロベタゾン酪酸エステル軟膏０．０５％「テイコク」,621372904.0,2646722M1011,"""Medication""",10.0,ｇ,医師の指示通り,クロベタゾン
グラクティブ錠５０ｍｇ,621970701.0,3969010F2022,"""Medication""",1.0,錠,１日１回朝食後,グラクティブ
グランダキシン錠５０　５０ｍｇ,611170639.0,1124026F1022,"""Medication""",3.0,錠,１日３回毎食後,グランダキシン
グリセリン浣腸液５０％「ケンエー」　５０ｍＬ,620484702.0,2357701K5046,"""Medication""",10.0,個,医師の指示通りにお使い下さい。,グリセリン
グリメピリド錠３ｍｇ「アメル」,622000701.0,3961008F2019,"""Medication""",1.0,錠,１日１回朝食後,グリメピリド
グリメピリド０．５ｍｇ錠,622897600.0,3961008F3015,"""Medication""",1.0,錠,１日１回朝食後,グリメピリド
グリメピリド１ｍｇ錠,622897500.0,3961008F1012,"""Medication""",1.0,錠,１日１回朝食後,グリメピリド
グルコース,160019410.0,-,"""Examination""",1.0,回,-,グルコース
グロブリンクラス別ウイルス抗体価（サイトメガロ）,160109410.0,-,"""Examination""",1.0,回,-,グロブリンクラス
グロブリンクラス別ウイルス抗体価（ＥＢ）,160121510.0,-,"""Examination""",1.0,回,-,グロブリンクラス
グーフィス錠５ｍｇ,622564801.0,2359008F1025,"""Medication""",2.0,錠,１日１回朝食前,グーフィス
ケトコナゾール２％クリーム,622781200.0,2655709N1010,"""Medication""",30.0,ｇ,１日１回お使い下さい。,ケトコナゾール
ケトプロフェンテープ４０ｍｇ「杏林」　１０ｃｍ×１４ｃｍ,622443301.0,2649729S3017,"""Medication""",56.0,枚,１日１回お使い下さい。,ケトプロフェンテープ
ケトプロフェンパップ６０ｍｇ「ラクール」　２０ｃｍ×１４ｃｍ,620008245.0,2649729S4013,"""Medication""",56.0,枚,医師の指示通り,ケトプロフェンパップ
ケトプロフェン（２０ｍｇ）７ｃｍ×１０ｃｍ貼付剤,622779300.0,2649729S2010,"""Medication""",56.0,枚,医師の指示通りにお使い下さい。,ケトプロフェン
ケトプロフェン（４０ｍｇ）１０ｃｍ×１４ｃｍ貼付剤,622779400.0,2649729S3017,"""Medication""",56.0,枚,医師の指示通りにお使い下さい。,ケトプロフェン
ケフレックスカプセル２５０ｍｇ,620004981.0,6132002M2183,"""Medication""",3.0,カプセル,１日３回毎食後,ケフレックスカプセル
ケルロング錠５ｍｇ,612140700.0,2149031F1027,"""Medication""",0.5,錠,１日１回朝食後,ケルロング
コスパノン錠４０ｍｇ,611240056.0,1249007F1032,"""Medication""",1.0,錠,痛む時,コスパノン
コタロー麻黄附子細辛湯エキスカプセル,615101702.0,5200133M1021,"""Medication""",6.0,カプセル,１日３回毎食前,エキスカプセル
コディオ配合錠ＥＸ,620009092.0,2149112F2029,"""Medication""",1.0,錠,１日１回朝食後,コディオ
コニール錠４　４ｍｇ,612170663.0,2171021F2020,"""Medication""",2.0,錠,１日２回朝夕食後,コニール
コルチゾール,160034010.0,-,"""Examination""",1.0,回,-,コルチゾール
コロナ抗原自費,95000004.0,-,"""OwnExpense""",1.0,回,-,抗原自費
コートリル錠１０ｍｇ,620006903.0,2452002F1030,"""Medication""",2.5,錠,１日２回朝夕食後,コートリル
コールタイジン点鼻液,620007639.0,1329800X1034,"""Medication""",15.0,ｍＬ,鼻閉時に,コールタイジン
サアミオン錠５ｍｇ,620003548.0,2190021F1348,"""Medication""",3.0,錠,１日３回毎食後,サアミオン
サイレース錠２ｍｇ,611120088.0,1124008F2020,"""Medication""",1.0,錠,１日１回就寝前,サイレース
サイログロブリン,160034210.0,-,"""Examination""",1.0,回,-,サイログロブリン
サインバルタカプセル２０ｍｇ,621978201.0,1179052M1022,"""Medication""",1.0,カプセル,１日１回夕食後,サインバルタカプセル
サインバルタカプセル３０ｍｇ,621978301.0,1179052M2029,"""Medication""",1.0,カプセル,１日１回夕食後,サインバルタカプセル
サノレックス錠０．５ｍｇ,611190062.0,1190008F1020,"""Medication""",1.0,錠,１日１回昼食前,サノレックス
サムスカＯＤ錠７．５ｍｇ,622694301.0,2139011F3026,"""Medication""",1.0,錠,１日１回朝食後,サムスカ
サリベートエアゾール　５０ｇ,620510801.0,2399801E1037,"""Medication""",1.0,個,医師の指示通り,サリベートエアゾール
サルタノールインヘラー１００μｇ　０．１６％１３．５ｍＬ,620008998.0,2254700G4037,"""Medication""",1.0,瓶,医師の指示通り,サルタノールインヘラー
サワシリンカプセル２５０　２５０ｍｇ,620006919.0,6131001M2300,"""Medication""",3.0,カプセル,１日３回毎食後,サワシリンカプセル
サワシリン細粒１０％　１００ｍｇ,620006920.0,6131001C1210,"""Medication""",6.0,ｇ,１日３回毎食後,サワシリン
サワシリン錠２５０　２５０ｍｇ,616130132.0,6131001F2026,"""Medication""",3.0,錠,１日３回毎食後,サワシリン
サンコバ点眼液０．０２％　５ｍＬ,620005266.0,1319710Q2078,"""Medication""",1.0,瓶,医師の指示通り,サンコバ
サンリズムカプセル５０ｍｇ,612120302.0,2129008M2020,"""Medication""",2.0,カプセル,１日２回朝夕食後,サンリズムカプセル
ザイザルシロップ０．０５％,622308201.0,4490028Q1028,"""Medication""",5.0,ｍＬ,１日１回就寝前,ザイザルシロップ
ザイザル錠５ｍｇ,622036701.0,4490028F1027,"""Medication""",1.0,錠,１日１回就寝前,ザイザル
ザクラス配合錠ＨＤ,622341701.0,2149121F2028,"""Medication""",1.0,錠,１日１回朝食後,ザクラス
ザルティア錠５ｍｇ,622306501.0,2590016F2027,"""Medication""",1.0,錠,１日１回朝食後,ザルティア
シアノコバラミン点眼液０．０２％「杏林」　５ｍＬ,621395503.0,1319710Q2019,"""Medication""",2.0,瓶,医師の指示通り,シアノコバラミン
シスタチンＣ,160177250.0,-,"""Examination""",1.0,回,-,シスタチン
シナール配合錠,620721301.0,3179115F2034,"""Medication""",3.0,錠,１日３回毎食後,シナール
シフラ,160159050.0,-,"""Examination""",1.0,回,-,シフラ
シムビコートタービュヘイラー３０吸入,621950701.0,2290801G1029,"""Medication""",1.0,キット,１回１吸入１日２回朝夕,シムビコートタービュヘイラー
シムビコートタービュヘイラー６０吸入,621950801.0,2290801G2025,"""Medication""",1.0,キット,１回１吸入１日２回朝夕,シムビコートタービュヘイラー
シルニジピン１０ｍｇ錠,622891700.0,2149037F2012,"""Medication""",1.0,錠,１日１回朝食後,シルニジピン
シルニジピン５ｍｇ錠,622891600.0,2149037F1016,"""Medication""",1.0,錠,１日１回夕食後,シルニジピン
シロスタゾール錠１００ｍｇ「ＪＧ」,621721201.0,3399002F2016,"""Medication""",2.0,錠,１日２回朝夕食後,シロスタゾール
シロスタゾール１００ｍｇ口腔内崩壊錠,622315300.0,3399002F4019,"""Medication""",2.0,錠,１日２回朝夕食後,シロスタゾール
シロドシン錠４ｍｇ「オーハラ」,622678601.0,2590010F2100,"""Medication""",1.0,錠,１日１回夕食後,シロドシン
シロドシンＯＤ錠４ｍｇ「ＤＳＥＰ」,622668201.0,2590010F4030,"""Medication""",2.0,錠,１日２回朝夕食後,シロドシン
シングレアチュアブル錠５ｍｇ,620006935.0,4490026F1052,"""Medication""",1.0,錠,１日１回就寝前,シングレアチュアブル
シングレア錠１０ｍｇ,620006934.0,4490026F2059,"""Medication""",1.0,錠,１日１回就寝前,シングレア
シングレアＯＤ錠１０ｍｇ,622446901.0,4490026F4035,"""Medication""",1.0,錠,１日１回就寝前,シングレア
ジェニナック錠２００ｍｇ,620005822.0,6241017F1022,"""Medication""",2.0,錠,１日１回夕食後,ジェニナック
ジクトルテープ７５ｍｇ,622843401.0,1147700S1028,"""Medication""",14.0,枚,医師の指示通りにお使い下さい。,ジクトルテープ
ジクロフェナクナトリウム１％ローション,622780300.0,2649734Q2014,"""Medication""",100.0,ｇ,医師の指示通りにお使い下さい。,ジクロフェナクナトリウム
ジクロフェナクＮａローション１％「日本臓器」,620008547.0,2649734Q2014,"""Medication""",200.0,ｇ,医師の指示通り,ジクロフェナク
ジスロマック錠２５０ｍｇ,610443026.0,6149004F1028,"""Medication""",2.0,錠,１日１回夕食後,ジスロマック
ジソピラミドカプセル１００ｍｇ「ファイザー」,620257104.0,2129002M2015,"""Medication""",1.0,カプセル,１日１回朝食後,ジソピラミドカプセル
ジソピラミド徐放錠１５０ｍｇ「ＳＷ」,620259401.0,2129005F1013,"""Medication""",3.0,錠,１日３回毎食後,ジソピラミド
ジピリダモール１００ｍｇ錠,622726600.0,2171010F3010,"""Medication""",3.0,錠,１日３回毎食後,ジピリダモール
ジピリダモール２５ｍｇ錠,622726500.0,2171010F2014,"""Medication""",3.0,錠,１日３回毎食後,ジピリダモール
ジフェニドール塩酸塩２５ｍｇ錠,622717600.0,1339002F1012,"""Medication""",3.0,錠,１日３回毎食後,ジフェニドール
ジフルプレドナート０．０５％軟膏,622777300.0,2646725M1015,"""Medication""",10.0,ｇ,医師の指示通り,ジフルプレドナート
ジフロラゾン酢酸エステル０．０５％軟膏,622777100.0,2646723M1016,"""Medication""",50.0,ｇ,医師の指示通り,ジフロラゾン
ジャディアンス錠１０ｍｇ,622401201.0,3969023F1023,"""Medication""",1.0,錠,１日１回朝食後,ジャディアンス
ジャヌビア錠５０ｍｇ,621951001.0,3969010F2030,"""Medication""",1.0,錠,１日１回朝食後,ジャヌビア
ジュンコウ　苓桂朮甘湯ＦＣエキス錠　医療用,622794401.0,5200145F1033,"""Medication""",15.0,錠,１日３回毎食前,ジュンコウ
ジュンコウ　補中益気湯ＦＣエキス錠　医療用,622400301.0,5200131F1031,"""Medication""",18.0,錠,１日３回毎食前,ジュンコウ
ジルチアゼム塩酸塩徐放カプセル１００ｍｇ「日医工」,620307702.0,2171006N1016,"""Medication""",1.0,カプセル,１日１回朝食後,ジルチアゼム
ジルチアゼム塩酸塩徐放カプセル２００ｍｇ「トーワ」,622082702.0,2171006N2012,"""Medication""",1.0,カプセル,１日１回朝食後,ジルチアゼム
ジルチアゼム塩酸塩１００ｍｇ徐放カプセル,622726200.0,2171006N1016,"""Medication""",1.0,カプセル,１日１回朝食後,ジルチアゼム
ジルテック錠１０　１０ｍｇ,610421327.0,4490020F2027,"""Medication""",1.0,錠,１日１回就寝前,ジルテック
ジルムロ配合錠ＨＤ「武田テバ」,622857701.0,2149121F2079,"""Medication""",1.0,錠,１日１回朝食後,ジルムロ
スチックゼノールＡ,660406045.0,2649858M1036,"""Medication""",40.0,ｇ,医師の指示通りにお使い下さい。,スチックゼノール
ストロカイン錠５ｍｇ,620005991.0,1219002F1065,"""Medication""",3.0,錠,１日３回毎食後,ストロカイン
スピロノラクトン２５ｍｇ錠,622315800.0,2133001F1018,"""Medication""",1.0,錠,１日１回朝食後,スピロノラクトン
スピール膏Ｍ　２５ｃｍ２,662660057.0,2661701X1012,"""Medication""",10.0,枚,医師の指示通り,スピール
スーグラ錠２５ｍｇ,622306601.0,3969018F1022,"""Medication""",1.0,錠,１日１回朝食後,スーグラ
スーグラ錠５０ｍｇ,622306701.0,3969018F2029,"""Medication""",1.0,錠,１日１回朝食後,スーグラ
スージャヌ配合錠,622625702.0,3969107F1022,"""Medication""",1.0,錠,１日１回朝食後,スージャヌ
セファドール錠２５ｍｇ,620006958.0,1339002F1438,"""Medication""",1.0,錠,発作時にお使い下さい。,セファドール
セファランチン錠１ｍｇ,612900052.0,2900001F1029,"""Medication""",2.0,錠,１日２回朝夕食後,セファランチン
セフカペンピボキシル塩酸塩細粒小児用１０％「ＹＤ」　１００ｍｇ,621940201.0,6132016C1019,"""Medication""",3.3,ｇ,１日３回毎食後,セフカペンピボキシル
セフトリアキソンナトリウム静注用１ｇ「日医工」,621538303.0,-,"""Injection""",2.0,瓶,-,セフトリアキソンナトリウム
セフメタゾン静注用１ｇ,646130075.0,-,"""Injection""",2.0,瓶,-,セフメタゾン
セララ錠２５ｍｇ,620005824.0,2149045F1029,"""Medication""",1.0,錠,１日１回朝食後,セララ
セルタッチパップ７０　１０ｃｍ×１４ｃｍ,620007662.0,2649731S1143,"""Medication""",35.0,枚,１日１回　貼付,セルタッチパップ
セルベックスカプセル５０ｍｇ,612320346.0,2329012M1021,"""Medication""",3.0,カプセル,１日３回毎食後,セルベックスカプセル
セルロプラスミン,160028410.0,-,"""Examination""",1.0,回,-,セルロプラスミン
セレコキシブ錠１００ｍｇ「ファイザー」,622799301.0,1149037F1186,"""Medication""",2.0,錠,１日２回朝夕食後,セレコキシブ
セレコックス錠１００ｍｇ,620004857.0,1149037F1020,"""Medication""",2.0,錠,１日２回朝夕食後,セレコックス
セレニカＲ錠２００ｍｇ,620002054.0,1139004G2039,"""Medication""",1.0,錠,１日１回朝食後,セレニカ
セレニカＲ錠４００ｍｇ,620003976.0,1139004G3027,"""Medication""",1.0,錠,１日１回就寝前,セレニカ
セレニカＲ顆粒４０％,620003156.0,1139004D1052,"""Medication""",1.0,ｇ,１日１回朝食後,セレニカ
セロクエル２５ｍｇ錠,610443072.0,1179042F1020,"""Medication""",0.5,錠,１日１回就寝前,セロクエル
ゼオマイン筋注用１００単位,622819801.0,-,"""Injection""",3.0,瓶,-,ゼオマイン
ゼチーア錠１０ｍｇ,620004868.0,2189018F1027,"""Medication""",1.0,錠,１日１回夕食後,ゼチーア
ゼフィックス錠１００　１００ｍｇ,610443041.0,6250020F1023,"""Medication""",1.0,錠,１日１回朝食後,ゼフィックス
ゼフナートクリーム２％,660443004.0,2659712N1020,"""Medication""",10.0,ｇ,１日数回　塗布,ゼフナートクリーム
ソマトメジンＣ,160035710.0,-,"""Examination""",1.0,回,-,ソマトメジン
ソラナックス０．４ｍｇ錠,611170508.0,1124023F1037,"""Medication""",1.0,錠,不安時,ソラナックス
ソラナックス０．８ｍｇ錠,611170509.0,1124023F2033,"""Medication""",1.0,錠,１日１回就寝前,ソラナックス
ソランタール錠１００ｍｇ,611140236.0,1148001F2101,"""Medication""",1.0,錠,痛む時,ソランタール
ソリクア配合注ソロスター,629907601.0,-,"""HomeCare""",1.0,キット,-,ソロスター
ソルデム３Ａ輸液　２００ｍＬ,620007343.0,-,"""Injection""",1.0,袋,-,ソルデム
ソル・メドロール静注用１２５ｍｇ　（溶解液付）,620007357.0,-,"""Injection""",1.0,瓶,-,メドロール
ゾコーバ錠１２５ｍｇ,628785801.0,6250052F1023,"""Medication""",1.0,錠,１日１回夕食後,ゾコーバ
ゾニサミド１００ｍｇ錠,622709300.0,1139005F1015,"""Medication""",1.0,錠,１日１回朝食後,ゾニサミド
ゾピクロン１０ｍｇ錠,622708300.0,1129007F2014,"""Medication""",1.0,錠,不眠時,ゾピクロン
ゾピクロン７．５ｍｇ錠,622708200.0,1129007F1018,"""Medication""",1.0,錠,１日１回就寝前,ゾピクロン
ゾフルーザ錠２０ｍｇ,622622601.0,6250047F2029,"""Medication""",4.0,錠,１日１回昼食後,ゾフルーザ
ゾルトファイ配合注フレックスタッチ,629900701.0,-,"""HomeCare""",1.0,キット,-,フレックスタッチ
ゾルピデム酒石酸塩１０ｍｇ錠,622473500.0,1129009F2013,"""Medication""",1.0,錠,１日１回就寝前,ゾルピデム
ゾルピデム酒石酸塩５ｍｇ錠,622473400.0,1129009F1017,"""Medication""",1.0,錠,不眠時,ゾルピデム
ゾルミトリプタン２．５ｍｇ口腔内崩壊錠,622846500.0,2160004F2015,"""Medication""",1.0,錠,頭痛時,ゾルミトリプタン
タケキャブ錠１０ｍｇ,622404401.0,2329030F1020,"""Medication""",1.0,錠,１日１回朝食後,タケキャブ
タケキャブ錠２０ｍｇ,622404501.0,2329030F2027,"""Medication""",1.0,錠,１日１回朝食後,タケキャブ
タケプロンカプセル１５　１５ｍｇ,612320549.0,2329023M1020,"""Medication""",1.0,カプセル,１日１回朝食後,タケプロンカプセル
タケプロンＯＤ錠１５　１５ｍｇ,610462010.0,2329023F1020,"""Medication""",1.0,錠,１日１回朝食後,タケプロン
タケプロンＯＤ錠３０　３０ｍｇ,610462011.0,2329023F2027,"""Medication""",1.0,錠,１日１回朝食後,タケプロン
タミフルカプセル７５　７５ｍｇ,610443074.0,6250021M1027,"""Medication""",2.0,カプセル,１日２回朝夕食後,タミフルカプセル
タミフルドライシロップ３％,610462002.0,6250021R1024,"""Medication""",4.0,ｇ,１日２回朝夕食後,タミフルドライシロップ
タムスロシン塩酸塩ＯＤ錠０．２ｍｇ「トーワ」,621979102.0,2590008F2162,"""Medication""",1.0,錠,１日１回夕食後,タムスロシン
タリオン錠１０ｍｇ,620006971.0,4490022F2034,"""Medication""",2.0,錠,１日２回朝夕食後,タリオン
タリージェ錠２．５ｍｇ,622669701.0,1190026F1028,"""Medication""",2.0,錠,１日２回朝夕食後,タリージェ
タリージェ錠５ｍｇ,622669801.0,1190026F2024,"""Medication""",2.0,錠,１日２回朝夕食後,タリージェ
タリージェＯＤ錠２．５ｍｇ,622927201.0,-,"""Medication""",2.0,錠,１日２回朝夕食後,タリージェ
タリージェＯＤ錠５ｍｇ,622927301.0,-,"""Medication""",2.0,錠,１日２回朝夕食後,タリージェ
タンニン酸アルブミン,612370037.0,2312001X1014,"""Medication""",3.0,ｇ,１日３回毎食後,アルブミン
タンボコール錠１００ｍｇ,612120304.0,2129009F2026,"""Medication""",2.0,錠,１日２回朝夕食後,タンボコール
ダイアップ坐剤６　６ｍｇ,661120011.0,1124701J2029,"""Medication""",10.0,個,医師の指示通りにお使い下さい。,ダイアップ
ダイアート錠３０ｍｇ,612130353.0,2139008F2028,"""Medication""",0.5,錠,１日１回朝食後,ダイアート
チアプリド錠２５ｍｇ「サワイ」,620162003.0,1190004F1013,"""Medication""",2.0,錠,１日２回朝夕食後,チアプリド
チウラジール錠５０ｍｇ,620009232.0,2432002F1011,"""Medication""",1.0,錠,１日１回朝食後,チウラジール
チザニジン塩酸塩１ｍｇ錠,622717500.0,1249010F1018,"""Medication""",2.0,錠,１日２回朝夕食後,チザニジン
チザニジン錠１ｍｇ「トーワ」,621228120.0,1249010F1018,"""Medication""",3.0,錠,１日３回毎食後,チザニジン
チラーヂンＳ錠１００μｇ,621283702.0,2431004F3016,"""Medication""",1.0,錠,１日１回朝食後,チラーヂン
チラーヂンＳ錠１２．５μｇ,622169401.0,2431004F4012,"""Medication""",1.0,錠,１日１回朝食後,チラーヂン
チラーヂンＳ錠２５μｇ,620516002.0,2431004F2052,"""Medication""",1.0,錠,１日１回朝食後,チラーヂン
チラーヂンＳ錠５０μｇ,620515902.0,2431004F1056,"""Medication""",1.0,錠,１日１回朝食後,チラーヂン
チラーヂンＳ錠７５μｇ,622169701.0,2431004F5019,"""Medication""",1.0,錠,１日１回朝食後,チラーヂン
ツイミーグ錠５００ｍｇ,622869901.0,3969026F1027,"""Medication""",4.0,錠,１日２回朝夕食後,ツイミーグ
ツムラ七物降下湯エキス顆粒（医療用）,615101443.0,5200064D1045,"""Medication""",7.5,ｇ,１日３回毎食前,七物降下湯
ツムラ乙字湯エキス顆粒（医療用）,615101405.0,5200012D1080,"""Medication""",7.5,ｇ,１日３回毎食前,ツムラ
ツムラ五苓散エキス顆粒（医療用）,615101428.0,5200048D1070,"""Medication""",7.5,ｇ,１日３回毎食前,ツムラ
ツムラ人参湯エキス顆粒（医療用）,615101489.0,5200116D1060,"""Medication""",7.5,ｇ,１日３回毎食前,ツムラ
ツムラ八味地黄丸エキス顆粒（医療用）,615101493.0,5200121D1045,"""Medication""",7.5,ｇ,１日３回毎食前,八味地黄丸
ツムラ六君子湯エキス顆粒（医療用）,615101512.0,5200141D1034,"""Medication""",7.5,ｇ,１日３回毎食前,六君子湯
ツムラ加味帰脾湯エキス顆粒（医療用）,615101408.0,5200016D1054,"""Medication""",7.5,ｇ,１日３回毎食前,加味帰脾湯
ツムラ加味逍遙散エキス顆粒（医療用）,615101409.0,5200017D1083,"""Medication""",7.5,ｇ,１日３回毎食前,加味逍遙散
ツムラ十全大補湯エキス顆粒（医療用）,615101447.0,5200069D1048,"""Medication""",7.5,ｇ,１日３回毎食前,十全大補湯
ツムラ半夏厚朴湯エキス顆粒（医療用）,615101494.0,5200122D1074,"""Medication""",7.5,ｇ,１日３回毎食前,半夏厚朴湯
ツムラ半夏瀉心湯エキス顆粒（医療用）,615101495.0,5200123D1079,"""Medication""",7.5,ｇ,１日３回毎食前,半夏瀉心湯
ツムラ半夏白朮天麻湯エキス顆粒（医療用）,615101496.0,5200124D1022,"""Medication""",7.5,ｇ,１日３回毎食前,半夏白朮天麻湯
ツムラ呉茱萸湯エキス顆粒（医療用）,615101425.0,5200046D1039,"""Medication""",7.5,ｇ,１日３回毎食前,呉茱萸湯
ツムラ大建中湯エキス顆粒（医療用）,615101469.0,5200092D1020,"""Medication""",7.5,ｇ,１日３回毎食前,大建中湯
ツムラ大柴胡湯エキス顆粒（医療用）,615101470.0,5200093D1092,"""Medication""",7.5,ｇ,１日３回毎食前,大柴胡湯
ツムラ女神散エキス顆粒（医療用）,615101488.0,5200115D1023,"""Medication""",7.5,ｇ,１日３回毎食後,ツムラ
ツムラ小建中湯エキス顆粒（医療用）,615101450.0,5200072D1058,"""Medication""",7.5,ｇ,１日３回毎食前,小建中湯
ツムラ小柴胡湯加桔梗石膏エキス顆粒（医療用）,615101452.0,5200074D1022,"""Medication""",7.5,ｇ,１日３回毎食前,小柴胡湯加桔梗石膏
ツムラ小青竜湯エキス顆粒（医療用）,615101453.0,5200075D1086,"""Medication""",9.0,ｇ,１日３回毎食前,小青竜湯
ツムラ当帰四逆加呉茱萸生姜湯エキス顆粒（医療用）,615101483.0,5200110D1047,"""Medication""",7.5,ｇ,１日３回毎食前,当帰四逆加呉茱萸生姜湯
ツムラ当帰芍薬散エキス顆粒（医療用）,615101484.0,5200111D1076,"""Medication""",7.5,ｇ,１日３回毎食前,当帰芍薬散
ツムラ抑肝散エキス顆粒（医療用）,615101510.0,5200139D1037,"""Medication""",7.5,ｇ,１日３回毎食前,ツムラ
ツムラ抑肝散加陳皮半夏エキス顆粒（医療用）,615101511.0,5200140D1021,"""Medication""",7.5,ｇ,１日３回毎食前,抑肝散加陳皮半夏
ツムラ柴朴湯エキス顆粒（医療用）,615101434.0,5200054D1033,"""Medication""",5.0,ｇ,１日２回朝夕食前,ツムラ
ツムラ柴胡加竜骨牡蛎湯エキス顆粒（医療用）,615101430.0,5200050D1094,"""Medication""",7.5,ｇ,１日３回毎食前,柴胡加竜骨牡蛎湯
ツムラ柴胡桂枝湯エキス顆粒（医療用）,615101432.0,5200051D1080,"""Medication""",7.5,ｇ,１日３回毎食前,柴胡桂枝湯
ツムラ柴苓湯エキス顆粒（医療用）,615101435.0,5200055D1020,"""Medication""",9.0,ｇ,１日３回毎食前,ツムラ
ツムラ桂枝加竜骨牡蛎湯エキス顆粒（医療用）,615101419.0,5200035D1030,"""Medication""",7.5,ｇ,１日３回毎食前,桂枝加竜骨牡蛎湯
ツムラ桂枝加芍薬湯エキス顆粒（医療用）,615101417.0,5200032D1045,"""Medication""",7.5,ｇ,１日３回毎食前,桂枝加芍薬湯
ツムラ桂枝茯苓丸エキス顆粒（医療用）,615101422.0,5200038D1093,"""Medication""",7.5,ｇ,１日３回毎食前,桂枝茯苓丸
ツムラ桔梗湯エキス顆粒（医療用）,615101411.0,5200020D1026,"""Medication""",7.5,ｇ,１日３回毎食前,ツムラ
ツムラ清暑益気湯エキス顆粒（医療用）,615101462.0,5200085D1020,"""Medication""",7.5,ｇ,１日３回毎食前,清暑益気湯
ツムラ清肺湯エキス顆粒（医療用）,615101464.0,5200087D1020,"""Medication""",9.0,ｇ,１日３回毎食後,ツムラ
ツムラ潤腸湯エキス顆粒（医療用）,615101449.0,5200071D1037,"""Medication""",5.0,ｇ,１日２回朝夕食前,ツムラ
ツムラ牛車腎気丸エキス顆粒（医療用）,615101414.0,5200025D1029,"""Medication""",5.0,ｇ,１日２回朝夕食前,牛車腎気丸
ツムラ猪苓湯エキス顆粒（医療用）,615101477.0,5200103D1101,"""Medication""",7.5,ｇ,１日３回毎食前,ツムラ
ツムラ白虎加人参湯エキス顆粒（医療用）,615101497.0,5200125D1035,"""Medication""",9.0,ｇ,１日３回毎食前,白虎加人参湯
ツムラ真武湯エキス顆粒（医療用）,615101460.0,5200083D1030,"""Medication""",7.5,ｇ,１日３回毎食前,ツムラ
ツムラ竹じょ温胆湯エキス顆粒（医療用）,615101472.0,5200097D1023,"""Medication""",7.5,ｇ,１日３回毎食前,ツムラ
ツムラ芍薬甘草湯エキス顆粒（医療用）,615101446.0,5200067D1049,"""Medication""",2.5,ｇ,痛む時,芍薬甘草湯
ツムラ苓姜朮甘湯エキス顆粒（医療用）,615101515.0,5200144D1020,"""Medication""",7.5,ｇ,１日３回毎食前,苓姜朮甘湯
ツムラ苓桂朮甘湯エキス顆粒（医療用）,615101516.0,5200145D1059,"""Medication""",7.5,ｇ,１日３回毎食前,苓桂朮甘湯
ツムラ茵ちん五苓散エキス顆粒（医療用）,615101399.0,5200004D1035,"""Medication""",7.5,ｇ,１日３回毎食前,ツムラ
ツムラ葛根湯エキス顆粒（医療用）,615101406.0,5200013D1123,"""Medication""",7.5,ｇ,１日３回毎食前,ツムラ
ツムラ葛根湯加川きゅう辛夷エキス顆粒（医療用）,615101407.0,5200015D1084,"""Medication""",7.5,ｇ,１日３回毎食前,葛根湯加川
ツムラ補中益気湯エキス顆粒（医療用）,615101503.0,5200131D1065,"""Medication""",7.5,ｇ,１日３回毎食前,補中益気湯
ツムラ辛夷清肺湯エキス顆粒（医療用）,615101457.0,5200080D1044,"""Medication""",5.0,ｇ,１日２回朝夕食前,辛夷清肺湯
ツムラ酸棗仁湯エキス顆粒（医療用）,615101437.0,5200056D1032,"""Medication""",2.5,ｇ,１日１回就寝前,酸棗仁湯
ツムラ釣藤散エキス顆粒（医療用）,615101476.0,5200101D1030,"""Medication""",7.5,ｇ,１日３回毎食前,ツムラ
ツムラ防風通聖散エキス顆粒（医療用）,615101502.0,5200130D1060,"""Medication""",7.5,ｇ,１日３回毎食前,防風通聖散
ツムラ麦門冬湯エキス顆粒（医療用）,615101492.0,5200119D1030,"""Medication""",9.0,ｇ,１日３回毎食前,麦門冬湯
ツムラ麻子仁丸エキス顆粒（医療用）,615101507.0,5200136D1033,"""Medication""",7.5,ｇ,１日３回毎食前,麻子仁丸
ツムラ麻黄湯エキス顆粒（医療用）,615101504.0,5200132D1035,"""Medication""",7.5,ｇ,１日３回毎食前,ツムラ
ツロブテロールテープ１ｍｇ「サワイ」,620004231.0,2259707S2019,"""Medication""",7.0,枚,医師の指示通り,ツロブテロールテープ
ツロブテロール塩酸塩ＤＳ小児用０．１％「タカタ」,621745601.0,2259002R1010,"""Medication""",0.64,ｇ,１日２回朝夕食後,ツロブテロール
ツロブテロール塩酸塩ＤＳ小児用０．１％「トーワ」,620404601.0,2259002R1010,"""Medication""",1.2,ｇ,１日３回毎食後,ツロブテロール
テオドール錠１００ｍｇ,610463113.0,2251001F2115,"""Medication""",2.0,錠,１日２回朝夕食後,テオドール
テオフィリン徐放錠１００ｍｇ「サワイ」,620396301.0,2251001F2018,"""Medication""",2.0,錠,１日２回朝夕食後,テオフィリン
テオフィリン２００ｍｇ徐放錠,622730900.0,2251001F3014,"""Medication""",1.0,錠,１日１回朝食後,テオフィリン
テグレトール錠１００ｍｇ,611130100.0,1139002F2026,"""Medication""",4.0,錠,１日２回朝夕食後,テグレトール
テストステロン,160033910.0,-,"""Examination""",1.0,回,-,テストステロン
テネリア錠２０ｍｇ,622182601.0,3969015F1029,"""Medication""",1.0,錠,１日１回朝食後,テネリア
テネリア錠４０ｍｇ,622660601.0,3969015F2025,"""Medication""",1.0,錠,１日１回朝食後,テネリア
テノーミン錠２５　２５ｍｇ,620002066.0,2123011F1155,"""Medication""",1.0,錠,１日１回朝食後,テノーミン
テプレノン５０ｍｇカプセル,622894000.0,2329012M1013,"""Medication""",1.0,カプセル,痛む時,テプレノン
テリルジー１００エリプタ１４吸入用,622678801.0,2290804G1022,"""Medication""",1.0,キット,１日１回お使い下さい。,テリルジー
テリルジー１００エリプタ３０吸入用,622678901.0,2290804G2029,"""Medication""",1.0,キット,１日１回お使い下さい。,テリルジー
テリルジー２００エリプタ１４吸入用,622840201.0,2290804G3025,"""Medication""",1.0,キット,１回１吸入,テリルジー
テリルジー２００エリプタ３０吸入用,622840301.0,2290804G4021,"""Medication""",1.0,キット,１回１吸入,テリルジー
テルネリン錠１ｍｇ,611240378.0,1249010F1026,"""Medication""",3.0,錠,１日３回毎食後,テルネリン
テルミサルタン２０ｍｇ口腔内崩壊錠,622613900.0,2149042F4016,"""Medication""",2.0,錠,１日２回朝夕食後,テルミサルタン
テルミサルタン２０ｍｇ錠,622613800.0,2149042F1017,"""Medication""",1.0,錠,１日１回朝食後,テルミサルタン
テルミサルタン４０ｍｇ錠,622614000.0,2149042F2013,"""Medication""",1.0,錠,１日１回夕食後,テルミサルタン
ディレグラ配合錠,622226201.0,4490100F1021,"""Medication""",4.0,錠,１日２回朝夕食前,ディレグラ
デエビゴ錠１０ｍｇ,622703301.0,1190027F3025,"""Medication""",1.0,錠,１日１回就寝前,デエビゴ
デエビゴ錠２．５ｍｇ,622703101.0,1190027F1022,"""Medication""",1.0,錠,１日１回就寝前,デエビゴ
デエビゴ錠５ｍｇ,622703201.0,1190027F2029,"""Medication""",1.0,錠,１日１回就寝前,デエビゴ
デザレックス錠５ｍｇ,622514901.0,4490032F1023,"""Medication""",1.0,錠,１日１回就寝前,デザレックス
デパケンシロップ５％,620006033.0,1139004Q1100,"""Medication""",8.0,ｍＬ,１日２回朝夕食後,デパケンシロップ
デパケン錠２００ｍｇ,620065701.0,1139004F2173,"""Medication""",1.0,錠,１日１回朝食後,デパケン
デパケンＲ錠１００ｍｇ,620066101.0,1139004G1040,"""Medication""",1.0,錠,１日１回夕食後,デパケン
デパケンＲ錠２００ｍｇ,620066201.0,1139004G2063,"""Medication""",1.0,錠,１日１回夕食後,デパケン
デパス錠０．２５ｍｇ,622138201.0,1179025F3029,"""Medication""",1.0,錠,不安時,デパス
デパス錠０．５ｍｇ,611170513.0,1179025F1026,"""Medication""",1.0,錠,不安時,デパス
デュタステリドカプセル０．５ｍｇＡＶ「杏林」,622800101.0,2499011M1019,"""Medication""",1.0,カプセル,１日１回朝食後,デュタステリドカプセル
デュタステリド０．５ｍｇカプセル,622847000.0,2499011M1019,"""Medication""",1.0,カプセル,１日１回朝食後,デュタステリド
デュロキセチンＯＤ錠２０ｍｇ「明治」,622863801.0,1179052F3034,"""Medication""",1.0,錠,１日１回夕食後,デュロキセチン
デュロキセチンＯＤ錠３０ｍｇ「ニプロ」,622865501.0,1179052F4022,"""Medication""",1.0,錠,１日１回朝食後,デュロキセチン
デルモゾールＧ軟膏,662640720.0,2647709M1064,"""Medication""",10.0,ｇ,医師の指示通り,デルモゾール
デルモベートスカルプローション０．０５％,620005274.0,2646713Q1081,"""Medication""",30.0,ｇ,医師の指示通り,デルモベートスカルプローション
デルモベート軟膏０．０５％,620005275.0,2646713M1136,"""Medication""",10.0,ｇ,医師の指示通り,デルモベート
トコフェロールニコチン酸エステルカプセル１００ｍｇ「トーワ」,620353101.0,2190006M1210,"""Medication""",3.0,カプセル,１日３回毎食後,トコフェロールニコチン
トコフェロール酢酸エステル錠５０ｍｇ「トーワ」,620713501.0,3150002F1280,"""Medication""",3.0,錠,１日３回毎食後,トコフェロール
トビエース錠４ｍｇ,622225101.0,2590015G1021,"""Medication""",1.0,錠,１日１回夕食後,トビエース
トフラニール錠１０ｍｇ,611170790.0,1174006F1019,"""Medication""",6.0,錠,１日３回毎食後,トフラニール
トプシムスプレー０．０１４３％,620009028.0,2646708R2031,"""Medication""",84.0,ｇ,１日数回　塗布,トプシムスプレー
トプシムローション０．０５％,620007700.0,2646708Q1030,"""Medication""",50.0,ｇ,医師の指示通り,トプシムローション
トライコア錠８０ｍｇ,622096901.0,2183006F4038,"""Medication""",1.0,錠,１日１回夕食後,トライコア
トラゼンタ錠５ｍｇ,622093501.0,3969014F1024,"""Medication""",1.0,錠,１日１回朝食後,トラゼンタ
トラゾドン塩酸塩錠２５ｍｇ「アメル」,620156901.0,1179037F1010,"""Medication""",1.0,錠,１日１回就寝前,トラゾドン
トラゾドン塩酸塩２５ｍｇ錠,622714600.0,1179037F1010,"""Medication""",2.0,錠,１日１回就寝前,トラゾドン
トラネキサム酸注２５０ｍｇ／５ｍＬ「日新」　５％,620809102.0,-,"""Injection""",1.0,管,-,トラネキサム
トラベルミン配合錠,620236101.0,1339100F1038,"""Medication""",1.0,錠,嘔気時,トラベルミン
トラムセット配合錠,622081101.0,1149117F1020,"""Medication""",1.0,錠,１日１回夕食後,トラムセット
トランコロン錠７．５ｍｇ,620004534.0,1231009F1088,"""Medication""",3.0,錠,１日３回毎食後,トランコロン
トランサミンカプセル２５０ｍｇ,620007000.0,3327002M1303,"""Medication""",3.0,カプセル,１日３回毎食後,トランサミンカプセル
トランサミンシロップ５％,620007001.0,3327002Q1062,"""Medication""",15.0,ｍＬ,１日３回毎食後,トランサミンシロップ
トランサミン散５０％,610463119.0,3327002B1027,"""Medication""",1.5,ｇ,１日３回毎食後,トランサミン
トランサミン錠２５０ｍｇ,610463120.0,3327002F1142,"""Medication""",3.0,錠,１日３回毎食後,トランサミン
トリアゾラム０．２５ｍｇ錠,622706000.0,1124007F2018,"""Medication""",2.0,錠,１日１回就寝前,トリアゾラム
トリガーポイント注射,150266010.0,-,"""Anesthesia""",1.0,回,-,トリガーポイント
トリクロルメチアジド錠１ｍｇ「トーワ」,622142402.0,2132003F3012,"""Medication""",2.0,錠,１日１回朝食後,トリクロルメチアジド
トリクロルメチアジド錠２ｍｇ「イセイ」,620263001.0,2132003F1419,"""Medication""",0.5,錠,１日１回朝食後,トリクロルメチアジド
トルリシティ皮下注０．７５ｍｇアテオス　０．５ｍＬ,622442201.0,-,"""HomeCare""",3.0,キット,-,トルリシティ
トレシーバ注　フレックスタッチ　３００単位,622198901.0,-,"""HomeCare""",1.0,キット,-,フレックスタッチ
ドキサゾシンメシル酸塩１ｍｇ錠,622724500.0,2149026F2014,"""Medication""",1.0,錠,１日１回就寝前,ドキサゾシンメシル
ドキサゾシン錠０．５ｍｇ「アメル」,622049501.0,2149026F1018,"""Medication""",1.0,錠,１日１回朝食後,ドキサゾシン
ドグマチールカプセル５０ｍｇ,620006993.0,2329009M1380,"""Medication""",1.0,カプセル,１日１回朝食後,ドグマチールカプセル
ドネペジル塩酸塩１０ｍｇ口腔内崩壊錠,622614600.0,1190012F6010,"""Medication""",1.0,錠,１日１回朝食後,口腔内崩壊錠
ドネペジル塩酸塩５ｍｇ錠,622614400.0,1190012F2014,"""Medication""",1.5,錠,１日１回夕食後,ドネペジル
ドネペジル塩酸塩ＯＤ錠３ｍｇ「アメル」,622091901.0,1190012F3118,"""Medication""",1.0,錠,１日１回朝食後,ドネペジル
ドネペジル塩酸塩ＯＤ錠５ｍｇ「アメル」,622092001.0,1190012F4017,"""Medication""",1.0,錠,１日１回朝食後,ドネペジル
ドパコール配合錠Ｌ１００,620124201.0,1169101F1014,"""Medication""",3.0,錠,１日３回毎食後,ドパコール
ドパコール配合錠Ｌ５０,621865201.0,1169101F3017,"""Medication""",3.0,錠,１日３回毎食後,ドパコール
ドンペリドン１０ｍｇ錠,622736200.0,2399005F2015,"""Medication""",3.0,錠,１日３回毎食前,ドンペリドン
ドンペリドン５ｍｇ錠,622736100.0,2399005F1019,"""Medication""",3.0,錠,１日３回毎食後,ドンペリドン
ナイキサン錠１００ｍｇ,620002531.0,1149007F1142,"""Medication""",3.0,錠,１日３回毎食後,ナイキサン
ナウゼリンドライシロップ１％,620006055.0,2399005R1163,"""Medication""",0.7,ｇ,嘔気時,ナウゼリンドライシロップ
ナウゼリン坐剤３０　３０ｍｇ,662390002.0,2399714J2022,"""Medication""",10.0,個,医師の指示通り,ナウゼリン
ナウゼリンＯＤ錠１０　１０ｍｇ,622090501.0,2399005F4026,"""Medication""",1.0,錠,嘔気時,ナウゼリン
ナゾネックス点鼻液５０μｇ５６噴霧用　５ｍｇ１０ｇ,620008450.0,1329710Q1027,"""Medication""",2.0,瓶,医師の指示通り,ナゾネックス
ナトリウム及びクロール,160021110.0,-,"""Examination""",1.0,回,-,ナトリウム
ナトリウム及びクロール（尿）,160132450.0,-,"""Examination""",1.0,回,-,ナトリウム
ナトリックス錠１　１ｍｇ,610463125.0,2149012F1059,"""Medication""",0.5,錠,１日１回朝食後,ナトリックス
ナフトピジル５０ｍｇ錠,622614900.0,2590009F2019,"""Medication""",1.0,錠,１日１回朝食後,ナフトピジル
ニカルジピン塩酸塩４０ｍｇ徐放カプセル,622724100.0,2149019N2019,"""Medication""",2.0,カプセル,１日２回朝夕食後,ニカルジピン
ニコランジル錠５ｍｇ「サワイ」,620326001.0,2171017F2016,"""Medication""",3.0,錠,１日３回毎食後,ニコランジル
ニコランジル２．５ｍｇ錠,622727900.0,2171017F1010,"""Medication""",3.0,錠,１日３回毎食後,ニコランジル
ニセルゴリン錠５ｍｇ「アメル」,621264401.0,2190021F1011,"""Medication""",3.0,錠,１日３回毎食後,ニセルゴリン
ニセルゴリン５ｍｇ錠,622729400.0,2190021F1011,"""Medication""",3.0,錠,１日３回毎食後,ニセルゴリン
ニゾラールローション２％,620000385.0,2655709Q1025,"""Medication""",100.0,ｇ,１日１回お使い下さい。,ニゾラールローション
ニトロール錠５ｍｇ,620005794.0,2171016F1015,"""Medication""",1.0,錠,痛む時,ニトロール
ニトロールＲカプセル２０ｍｇ,612170264.0,2171011N1050,"""Medication""",2.0,カプセル,１日２回朝夕食後,ニトロール
ニフェジピンＣＲ錠４０ｍｇ「トーワ」,621685201.0,2171014G5017,"""Medication""",1.0,錠,１日１回朝食後,ニフェジピン
ニューロタン錠２５ｍｇ,620009126.0,2149039F1031,"""Medication""",1.0,錠,１日１回朝食後,ニューロタン
ネオドパストン配合錠Ｌ１００,620123901.0,1169101F1120,"""Medication""",3.0,錠,１日３回毎食後,ネオドパストン
ネオフィリン注２５０ｍｇ　２．５％１０ｍＬ,620005805.0,-,"""Injection""",1.0,管,-,ネオフィリン
ネオレスタミンコーワ散１％,620008671.0,4419003B1313,"""Medication""",1.2,ｇ,１日３回毎食後,ネオレスタミンコーワ
ネキシウムカプセル２０ｍｇ,622080801.0,2329029M2023,"""Medication""",1.0,カプセル,１日１回朝食後,ネキシウムカプセル
ネシーナ錠１２．５ｍｇ,621986101.0,3969012F2021,"""Medication""",1.0,錠,１日１回朝食後,ネシーナ
ネシーナ錠２５ｍｇ,621986201.0,3969012F3028,"""Medication""",1.0,錠,１日１回朝食後,ネシーナ
ノイロトロピン注射液３．６単位　３ｍＬ,620004717.0,-,"""Injection""",1.0,管,-,ノイロトロピン
ノイロトロピン錠４単位,620007022.0,1149023F1036,"""Medication""",4.0,錠,１日２回朝夕食後,ノイロトロピン
ノボラピッド注　フレックスタッチ　３００単位,622252701.0,-,"""HomeCare""",2.0,キット,-,フレックスタッチ
ノボリン３０Ｒ注フレックスペン　３００単位,620000269.0,-,"""HomeCare""",2.0,キット,-,フレックスペン
ノルバスク錠５ｍｇ,612170710.0,2171022F2025,"""Medication""",1.0,錠,１日１回朝食後,ノルバスク
ノルバスクＯＤ錠５ｍｇ,620008041.0,2171022F4044,"""Medication""",1.0,錠,１日１回朝食後,ノルバスク
ハルナールＤ錠０．２ｍｇ,620002536.0,2590008F2022,"""Medication""",1.0,錠,１日１回夕食後,ハルナール
ハルロピテープ２４ｍｇ,622687401.0,1169701S3022,"""Medication""",56.0,枚,１日１回　貼付,ハルロピテープ
バイアスピリン錠１００ｍｇ,610443053.0,3399007H1013,"""Medication""",1.0,錠,１日１回朝食後,バイアスピリン
バラマイシン軟膏　（ＢＴＲＣ２５０単位ＦＲＭ２ｍｇ）,662630027.0,2639805M1020,"""Medication""",10.0,ｇ,医師の指示通り,バラマイシン
バルサルタン錠８０ｍｇ「ＹＤ」,622308801.0,2149041F3139,"""Medication""",1.0,錠,１日１回朝食後,バルサルタン
バルサルタン４０ｍｇ錠,622474700.0,2149041F2019,"""Medication""",1.0,錠,１日１回朝食後,バルサルタン
バルトレックス錠５００　５００ｍｇ,610443030.0,6250019F1020,"""Medication""",2.0,錠,１日２回朝夕食後,バルトレックス
バルプロ酸ナトリウム４０％徐放顆粒,622708900.0,1139004D1010,"""Medication""",0.5,ｇ,１日１回夕食後,ナトリウム
パスタロンソフト軟膏２０％,620005287.0,2669701M2100,"""Medication""",25.0,ｇ,医師の指示通り,パスタロンソフト
パタノール点眼液０．１％,620004365.0,1319752Q1024,"""Medication""",5.0,ｍＬ,医師の指示通り,パタノール
パリエット錠１０ｍｇ,610412202.0,2329028F1023,"""Medication""",1.0,錠,１日１回朝食後,パリエット
パルスドプラ法加算,160072370.0,-,"""Examination""",1.0,回,-,パルスドプラ
パルミコート２００μｇタービュヘイラー５６吸入　１１．２ｍｇ,620005291.0,2290701G2035,"""Medication""",1.0,瓶,１回１吸入１日２回朝夕,タービュヘイラー
パルモディア錠０．１ｍｇ,622573101.0,2183007F1025,"""Medication""",1.0,錠,１日１回朝食後,パルモディア
パロキセチン錠１０ｍｇ「明治」,622133901.0,1179041F1300,"""Medication""",1.0,錠,１日１回夕食後,パロキセチン
パロキセチン錠５ｍｇ「明治」,622133801.0,1179041F3230,"""Medication""",1.0,錠,１日１回夕食後,パロキセチン
パンテチン錠６０ｍｇ「ツルハラ」,620697001.0,3133001F2264,"""Medication""",3.0,錠,１日３回毎食後,パンテチン
パンテチン１００ｍｇ錠,622896300.0,3133001F3015,"""Medication""",2.0,錠,１日２回朝夕食後,パンテチン
パントシン散２０％,610454063.0,3133001B1193,"""Medication""",3.0,ｇ,１日３回毎食後,パントシン
パントシン錠３０　３０ｍｇ,620002094.0,3133001F1110,"""Medication""",3.0,錠,１日３回毎食後,パントシン
ヒアルロン酸,160151150.0,-,"""Examination""",1.0,回,-,ヒアルロン
ヒアルロン酸ナトリウム点眼液０．１％「ニッテン」　５ｍＬ,622073101.0,1319720Q3019,"""Medication""",2.0,瓶,１日右４回左４回,ヒアルロン
ヒアレイン点眼液０．１％　５ｍＬ,620004816.0,1319720Q3078,"""Medication""",4.0,瓶,医師の指示通り,ヒアレイン
ヒアレイン点眼液０．３％　５ｍＬ,621999201.0,1319720Y2020,"""Medication""",2.0,瓶,医師の指示通り,ヒアレイン
ヒダントール錠２５ｍｇ,611130095.0,1132002F1010,"""Medication""",12.0,錠,１日３回毎食後,ヒダントール
ヒューマログ注ミリオペン　３００単位,620007460.0,-,"""HomeCare""",6.0,キット,-,ヒューマログ
ヒルドイドクリーム０．３％,620009046.0,3339950N1035,"""Medication""",50.0,ｇ,医師の指示通り,ヒルドイドクリーム
ヒルドイドソフト軟膏０．３％,620009048.0,3339950M1137,"""Medication""",25.0,ｇ,医師の指示通り,ヒルドイドソフト
ヒルドイドフォーム０．３％,622644001.0,3339950R1177,"""Medication""",100.0,ｇ,医師の指示通り,ヒルドイドフォーム
ヒルドイドローション０．３％,620009049.0,3339950Q1074,"""Medication""",100.0,ｇ,医師の指示通り,ヒルドイドローション
ビオスリー配合ＯＤ錠,622464601.0,2316017F2023,"""Medication""",3.0,錠,１日３回毎食後,ビオスリー
ビオフェルミン配合散,620420001.0,2316012A1132,"""Medication""",3.0,ｇ,１日３回毎食後,ビオフェルミン
ビオフェルミン錠剤,620000094.0,2316020F1029,"""Medication""",3.0,錠,１日３回毎食後,ビオフェルミン
ビオフェルミンＲ散,620418501.0,2316004B1036,"""Medication""",1.2,ｇ,１日３回毎食後,ビオフェルミン
ビオフェルミンＲ錠,612370052.0,2316004F1020,"""Medication""",3.0,錠,１日３回毎食後,ビオフェルミン
ビソプロロールフマル酸塩錠０．６２５ｍｇ「サワイ」,622296701.0,2123016F3010,"""Medication""",1.0,錠,１日１回朝食後,ビソプロロールフマル
ビソプロロールフマル酸塩錠２．５ｍｇ「トーワ」,621399401.0,2123016F1018,"""Medication""",1.0,錠,１日１回朝食後,ビソプロロールフマル
ビソプロロールフマル酸塩錠２．５ｍｇ「ＺＥ」,621399302.0,2123016F1018,"""Medication""",1.0,錠,１日１回朝食後,ビソプロロールフマル
ビソプロロールフマル酸塩５ｍｇ錠,620001875.0,2123016F2014,"""Medication""",1.0,錠,１日１回朝食後,ビソプロロールフマル
ビタノイリンカプセル５０,610454066.0,3179107M1059,"""Medication""",2.0,カプセル,１日２回朝夕食後,ビタノイリンカプセル
ビタミンＢ１２,160029710.0,-,"""Examination""",1.0,回,-,ビタミン
ビタメジン配合カプセルＢ２５,620720101.0,3179109M1074,"""Medication""",3.0,カプセル,１日３回毎食後,ビタメジン
ビタメジン静注用,643180017.0,-,"""Injection""",1.0,瓶,-,ビタメジン
ビビアント錠２０ｍｇ,622003201.0,3999027F1020,"""Medication""",1.0,錠,１日１回朝食後,ビビアント
ビベスピエアロスフィア１２０吸入,622686901.0,2259808G2027,"""Medication""",1.0,キット,１回２吸入１日２回朝夕,ビベスピエアロスフィア
ビラノア錠２０ｍｇ,622516602.0,4490033F1028,"""Medication""",1.0,錠,１日１回就寝前,ビラノア
ビラノアＯＤ錠２０ｍｇ,622829401.0,4490033F2024,"""Medication""",1.0,錠,１日１回就寝前,ビラノア
ビレーズトリエアロスフィア１２０吸入,622687101.0,2290805G2023,"""Medication""",1.0,キット,１回２吸入１日２回朝夕,ビレーズトリエアロスフィア
ビレーズトリエアロスフィア５６吸入,622687001.0,2290805G1027,"""Medication""",1.0,キット,１回２吸入１日２回朝夕,ビレーズトリエアロスフィア
ビ・シフロール錠０．１２５ｍｇ,620000435.0,1169012F1022,"""Medication""",1.0,錠,１日１回就寝前,シフロール
ピオグリタゾン錠１５ｍｇ「アメル」,622049901.0,3969007F1105,"""Medication""",1.0,錠,１日１回朝食後,ピオグリタゾン
ピタバスタチンカルシウム１ｍｇ錠,622615600.0,2189016F1010,"""Medication""",1.0,錠,１日１回夕食後,ピタバスタチンカルシウム
ピタバスタチンカルシウム２ｍｇ錠,622691800.0,2189016F2016,"""Medication""",1.0,錠,１日１回夕食後,ピタバスタチンカルシウム
ピタバスタチンカルシウムＯＤ錠２ｍｇ「日医工」,622529001.0,2189016F5104,"""Medication""",1.0,錠,１日１回朝食後,ピタバスタチンカルシウム
ピタバスタチンＣａ・ＯＤ錠２ｍｇ「トーワ」,622280601.0,2189016F5031,"""Medication""",1.0,錠,１日１回夕食後,ピタバスタチン
ピタバスタチンＣａ錠１ｍｇ「アメル」,622276301.0,2189016F1010,"""Medication""",1.0,錠,１日１回夕食後,ピタバスタチン
ピタバスタチンＣａ錠２ｍｇ「アメル」,622276401.0,2189016F2016,"""Medication""",1.0,錠,１日１回朝食後,ピタバスタチン
ピルシカイニド塩酸塩カプセル５０ｍｇ「ＤＳＥＰ」,622873201.0,2129008M2012,"""Medication""",2.0,カプセル,１日２回朝夕食後,ピルシカイニド
ピレノキシン懸濁性点眼液０．００５％「参天」　５ｍＬ,620212001.0,1319706Q3043,"""Medication""",3.0,瓶,１日右３回,ピレノキシン
ピンドロール錠５ｍｇ「ツルハラ」,620253729.0,2123009F3010,"""Medication""",1.0,錠,１日１回朝食後,ピンドロール
ピーエイ配合錠,620161401.0,1180109F1034,"""Medication""",3.0,錠,１日３回毎食後,ピーエイ
ファムビル錠２５０ｍｇ,620006802.0,6250031F1021,"""Medication""",6.0,錠,１日３回毎食後,ファムビル
ファモチジン１０ｍｇ口腔内崩壊錠,622733000.0,2325003F3019,"""Medication""",1.0,錠,１日１回就寝前,ファモチジン
ファモチジン２０ｍｇ口腔内崩壊錠,622321500.0,2325003F4015,"""Medication""",1.0,錠,１日１回就寝前,ファモチジン
ファモチジン２０ｍｇ錠,620006751.0,2325003F2012,"""Medication""",1.0,錠,１日１回朝食後,ファモチジン
ファモチジンＯＤ錠１０ｍｇ「オーハラ」,621681501.0,2325003F3019,"""Medication""",1.0,錠,１日１回就寝前,ファモチジン
ファモチジンＯＤ錠２０ｍｇ「オーハラ」,621681601.0,2325003F4015,"""Medication""",1.0,錠,１日１回夕食後,ファモチジン
ファモチジンＯＤ錠２０ｍｇ「テバ」,621622101.0,2325003F4015,"""Medication""",2.0,錠,１日２回朝夕食後,ファモチジン
フェキソフェナジン塩酸塩６０ｍｇ錠,622475700.0,4490023F1016,"""Medication""",2.0,錠,１日２回朝夕食後,フェキソフェナジン
フェキソフェナジン塩酸塩ＯＤ錠６０ｍｇ「トーワ」,622236801.0,4490023F3051,"""Medication""",2.0,錠,１日２回朝夕食後,フェキソフェナジン
フェジン静注４０ｍｇ　２ｍＬ,620005208.0,-,"""Injection""",1.0,管,-,フェジン
フェノフィブラート８０ｍｇ錠,622892500.0,2183006F4011,"""Medication""",2.0,錠,１日２回朝夕食後,フェノフィブラート
フェブリク錠１０ｍｇ,622057201.0,3949003F1023,"""Medication""",1.0,錠,１日１回朝食後,フェブリク
フェブリク錠２０ｍｇ,622057301.0,3949003F2020,"""Medication""",1.0,錠,１日１回朝食後,フェブリク
フェブリク錠４０ｍｇ,622057401.0,3949003F3026,"""Medication""",1.0,錠,１日１回朝食後,フェブリク
フェリチン定量,160192510.0,-,"""Examination""",1.0,回,-,フェリチン
フェルビナクスチック軟膏３％「三笠」,620645302.0,2649731M1098,"""Medication""",80.0,ｇ,医師の指示通りにお使い下さい。,フェルビナクスチック
フェルビナク３％ローション,622779700.0,2649731Q1014,"""Medication""",50.0,ｍＬ,医師の指示通りにお使い下さい。,フェルビナク
フェロベリン配合錠,620425801.0,2319100F1064,"""Medication""",3.0,錠,１日３回毎食後,フェロベリン
フェロミア錠５０ｍｇ　鉄５０ｍｇ,613220039.0,3222013F1025,"""Medication""",1.0,錠,１日１回朝食後,フェロミア
フェロ・グラデュメット錠１０５ｍｇ,620729101.0,3222007G1033,"""Medication""",1.0,錠,１日１回就寝前,グラデュメット
フォシーガ錠１０ｍｇ,622342001.0,3969019F2023,"""Medication""",1.0,錠,１日１回朝食後,フォシーガ
フォシーガ錠５ｍｇ,622341901.0,3969019F1027,"""Medication""",1.0,錠,１日１回朝食後,フォシーガ
フォリアミン錠　５ｍｇ,613130585.0,3135001F1017,"""Medication""",1.0,錠,１日１回朝食後,フォリアミン
フオイパン錠１００ｍｇ,620003169.0,3999003F1297,"""Medication""",3.0,錠,１日３回毎食後,フオイパン
フスコデ配合錠,620379601.0,2229101F1060,"""Medication""",9.0,錠,１日３回毎食後,フスコデ
フランドルテープ４０ｍｇ,620004821.0,2171700S1095,"""Medication""",7.0,枚,医師の指示通り,フランドルテープ
フルイトラン錠１ｍｇ,620009430.0,2132003F3039,"""Medication""",1.0,錠,１日１回朝食後,フルイトラン
フルタイド１００ディスカス　１００μｇ６０ブリスター,660451013.0,2290700G5021,"""Medication""",1.0,個,１日２回朝夕に,フルタイド
フルタイド２００ディスカス　２００μｇ６０ブリスター,660451016.0,2290700G6028,"""Medication""",2.0,個,１回１吸入１日２回朝夕,フルタイド
フルティフォーム１２５エアゾール１２０吸入用,622278201.0,2290802G4022,"""Medication""",1.0,瓶,１回２吸入１日２回朝夕,フルティフォーム
フルティフォーム１２５エアゾール５６吸入用,622278001.0,2290802G2020,"""Medication""",1.0,瓶,１回２吸入１日２回朝夕,フルティフォーム
フルティフォーム５０エアゾール１２０吸入用,622278101.0,2290802G3026,"""Medication""",1.0,瓶,１回２吸入１日２回朝夕,フルティフォーム
フルニトラゼパム１ｍｇ錠,622706100.0,1124008F1016,"""Medication""",1.0,錠,不眠時,フルニトラゼパム
フルニトラゼパム２ｍｇ錠,622706200.0,1124008F2012,"""Medication""",1.0,錠,１日１回就寝前,フルニトラゼパム
フルルビプロフェン（４０ｍｇ）１０ｃｍ×１４ｃｍ貼付剤,622907700.0,2649732S2012,"""Medication""",56.0,枚,１日１回お使い下さい。,フルルビプロフェン
フロセミド錠２０ｍｇ「武田テバ」,620269703.0,2139005F1010,"""Medication""",1.0,錠,１日１回朝食後,フロセミド
フロセミド２０ｍｇ錠,622890700.0,2139005F1010,"""Medication""",1.0,錠,１日１回朝食後,フロセミド
フロモックス小児用細粒１００ｍｇ,610411059.0,6132016C1027,"""Medication""",3.0,ｇ,１日３回毎食後,フロモックス
フロモックス錠１００ｍｇ,610411058.0,6132016F2020,"""Medication""",3.0,錠,１日３回毎食後,フロモックス
フロリードＤクリーム１％,620004827.0,2655702N1060,"""Medication""",10.0,ｇ,医師の指示通り,フロリード
ブスコパン錠１０ｍｇ,620008704.0,1242002F1330,"""Medication""",1.0,錠,医師の指示通り,ブスコパン
ブデホル吸入粉末剤６０吸入「ＪＧ」,622700301.0,2290801G2033,"""Medication""",1.0,キット,医師の指示通りにお使い下さい。,吸入粉末剤
ブルフェン錠２００　２００ｍｇ,611140395.0,1149001F2168,"""Medication""",2.0,錠,１日２回朝夕食後,ブルフェン
ブロチゾラムＯＤ錠０．２５ｍｇ「テバ」,621671201.0,1124009F2017,"""Medication""",1.0,錠,不眠時,ブロチゾラム
ブロナック点眼液０．１％,620008268.0,1319743Q1033,"""Medication""",10.0,ｍＬ,１日右２回左２回,ブロナック
ブロプレス錠１２　１２ｍｇ,610432014.0,2149040F4025,"""Medication""",1.0,錠,１日１回朝食後,ブロプレス
ブロプレス錠２　２ｍｇ,610432011.0,2149040F1026,"""Medication""",1.0,錠,１日１回朝食後,ブロプレス
ブロプレス錠４　４ｍｇ,610432012.0,2149040F2022,"""Medication""",1.0,錠,１日１回朝食後,ブロプレス
ブロプレス錠８　８ｍｇ,610432013.0,2149040F3029,"""Medication""",1.0,錠,１日１回朝食後,ブロプレス
ブロマゼパム錠５ｍｇ「サンド」,620047403.0,1124020F4016,"""Medication""",1.0,錠,１日１回就寝前,ブロマゼパム
ブロムワレリル尿素「ホエイ」,611120155.0,1121001X1018,"""Medication""",0.8,ｇ,１日１回就寝前,ブロムワレリル
プラバスタチンナトリウム錠５ｍｇ「ＮＰ」,620008055.0,2189010F1012,"""Medication""",1.0,錠,医師の指示通り,プラバスタチンナトリウム
プラバスタチンナトリウム１０ｍｇ錠,622139600.0,2189010F2019,"""Medication""",1.0,錠,１日１回朝食後,プラバスタチンナトリウム
プラバスタチンナトリウム５ｍｇ錠,622321900.0,2189010F1012,"""Medication""",1.0,錠,１日１回夕食後,プラバスタチンナトリウム
プラバスタチンＮａ錠５「ＫＮ」　５ｍｇ,620000105.0,2189010F1012,"""Medication""",1.0,錠,医師の指示通り,プラバスタチン
プラバスタチンＮａ錠５ｍｇ「サワイ」,621528801.0,2189010F1012,"""Medication""",1.0,錠,１日１回夕食後,プラバスタチン
プラビックス錠２５ｍｇ,620003468.0,3399008F1025,"""Medication""",2.0,錠,１日１回朝食後,プラビックス
プラビックス錠７５ｍｇ,620003469.0,3399008F2021,"""Medication""",1.0,錠,１日１回朝食後,プラビックス
プラミペキソール塩酸塩ＯＤ錠０．１２５ｍｇ「トーワ」,622235901.0,1169012F3025,"""Medication""",1.0,錠,１日１回就寝前,プラミペキソール
プランルカスト錠２２５ｍｇ「ＴＹＫ」,622062501.0,4490017F2017,"""Medication""",2.0,錠,１日２回朝夕食後,プランルカスト
プランルカストＤＳ１０％「タカタ」,620005540.0,4490017R1017,"""Medication""",1.4,ｇ,１日２回朝夕食後,プランルカスト
プリンペラン錠５　５ｍｇ,620006100.0,2399004F1200,"""Medication""",1.0,錠,嘔気時,プリンペラン
プルゼニド錠１２ｍｇ,620481301.0,2354003F2316,"""Medication""",2.0,錠,医師の指示通り,プルゼニド
プレガバリン２５ｍｇ口腔内崩壊錠,622889900.0,1190017F1010,"""Medication""",4.0,錠,１日２回朝夕食後,プレガバリン
プレドニン錠５ｍｇ,612450118.0,2456001F1019,"""Medication""",3.0,錠,１日１回朝食後,プレドニン
プロスタンディン軟膏０．００３％,620003256.0,2699705M1038,"""Medication""",30.0,ｇ,医師の指示通り,プロスタンディン
プロトピック軟膏０．１％,660432014.0,2699709M1028,"""Medication""",20.0,ｇ,医師の指示通り,プロトピック
プロペト,667120036.0,7121703X1330,"""Medication""",30.0,ｇ,医師の指示通り,プロペト
プロマックＤ錠７５　７５ｍｇ,620004044.0,2329027F1029,"""Medication""",1.0,錠,１日１回朝食後,プロマック
プロ・バンサイン錠１５ｍｇ,620008709.0,1231008F1032,"""Medication""",3.0,錠,１日３回毎食後,バンサイン
ヘパリン類似物質ローション,622332700.0,3339950Q1015,"""Medication""",100.0,ｇ,医師の指示通り,ローション
ヘパリン類似物質外用泡状スプレー０．３％「ＰＰ」,622512701.0,3339950R1142,"""Medication""",100.0,ｇ,１日数回　塗布,類似物質外用泡状
ヘパリン類似物質油性クリーム０．３％「アメル」,622395101.0,3339950M1170,"""Medication""",50.0,ｇ,かゆみ止めとして,類似物質油性
ヘパリンＮａロック１０Ｕ／ｍＬシリンジオーツカ１０ｍＬ　１００Ｕ,620004193.0,-,"""Injection""",1.0,筒,-,シリンジオーツカ
ベオーバ錠５０ｍｇ,622653001.0,2590017F1025,"""Medication""",1.0,錠,１日１回朝食後,ベオーバ
ベザトールＳＲ錠２００ｍｇ,620002123.0,2183005G1234,"""Medication""",1.0,錠,１日１回朝食後,ベザトール
ベザフィブラート２００ｍｇ徐放錠,622728600.0,2183005G1013,"""Medication""",2.0,錠,１日２回朝夕食後,ベザフィブラート
ベシケアＯＤ錠５ｍｇ,622047601.0,2590011F4027,"""Medication""",1.0,錠,１日１回夕食後,ベシケア
ベタニス錠５０ｍｇ,622093301.0,2590014F2028,"""Medication""",1.0,錠,１日１回朝食後,ベタニス
ベタヒスチンメシル酸塩６ｍｇ錠,622717700.0,1339005F1016,"""Medication""",2.0,錠,１日２回朝夕食後,ベタヒスチンメシル
ベトノバールＧ軟膏０．１２％,620631201.0,2647709M1145,"""Medication""",15.0,ｇ,１日数回　塗布,ベトノバール
ベラパミル塩酸塩４０ｍｇ錠,622892100.0,2171008F1010,"""Medication""",2.0,錠,１日２回朝夕食後,ベラパミル
ベリチーム配合顆粒,620468001.0,2339163D1037,"""Medication""",1.5,ｇ,１日３回毎食後,ベリチーム
ベルソムラ錠１５ｍｇ,622374201.0,1190023F1024,"""Medication""",1.0,錠,１日１回就寝前,ベルソムラ
ベンズブロマロン錠２５ｍｇ「杏林」,622080502.0,3949002F1010,"""Medication""",1.0,錠,１日１回朝食後,ベンズブロマロン
ペンタサ錠５００ｍｇ,621867201.0,2399009F2030,"""Medication""",3.0,錠,１日３回毎食後,ペンタサ
ペンニードル：本,8400001.0,-,"""Comment""",120.0,-,-,ペンニードル
ペンニードル：本,8400001.0,-,"""HomeCare""",10.0,-,-,ペンニードル
ホクナリンテープ１ｍｇ,660421116.0,2259707S2027,"""Medication""",5.0,枚,医師の指示通り,ホクナリンテープ
ホクナリンテープ２ｍｇ,660421117.0,2259707S3023,"""Medication""",5.0,枚,医師の指示通り,ホクナリンテープ
ホスミシン錠２５０　２５０ｍｇ,616130512.0,6135001F1029,"""Medication""",3.0,錠,１日３回毎食後,ホスミシン
ボトックス注用１００単位,620173601.0,-,"""Injection""",2.0,瓶,-,ボトックス
ボトックス注用５０単位,621893501.0,-,"""Injection""",2.0,瓶,-,ボトックス
ボナロン錠３５ｍｇ,620004359.0,3999018F2036,"""Medication""",1.0,錠,週１回,ボナロン
ボラザＧ軟膏,662550038.0,2559813M1021,"""Medication""",72.0,ｇ,１日１回お使い下さい。,ボラザ
ボルタレンゲル１％,620007787.0,2649734Q1069,"""Medication""",25.0,ｇ,医師の指示通り,ボルタレンゲル
ボルタレンサポ１２．５ｍｇ,661140079.0,1147700J1057,"""Medication""",30.0,個,医師の指示通り,ボルタレンサポ
ボルタレンローション１％,620004273.0,2649734Q2022,"""Medication""",50.0,ｇ,１日１回お使い下さい。,ボルタレンローション
ボルタレン錠２５ｍｇ,620007096.0,1147002F1560,"""Medication""",2.0,錠,１日２回朝夕食後,ボルタレン
ボンビバ錠１００ｍｇ,622471501.0,3999040F1026,"""Medication""",1.0,錠,医師の指示通り,ボンビバ
ボンビバ静注１ｍｇシリンジ　１ｍＬ,622255201.0,-,"""Injection""",1.0,筒,-,ボンビバ
ポピヨドンガーグル７％,620007784.0,2260701F1255,"""Medication""",30.0,ｍＬ,医師の指示通りにお使い下さい。,ポピヨドンガーグル
ポララミン注５ｍｇ　０．５％１ｍＬ,641410014.0,-,"""Injection""",0.5,管,-,ポララミン
マイコプラズマ抗体半定量,160193910.0,-,"""Examination""",1.0,回,-,マイコプラズマ
マイザークリーム０．０５％,620626201.0,2646725N1150,"""Medication""",10.0,ｇ,医師の指示通り,マイザークリーム
マイザー軟膏０．０５％,620625401.0,2646725M1201,"""Medication""",25.0,ｇ,医師の指示通り,マイザー
マイスリー錠１０ｍｇ,610443048.0,1129009F2021,"""Medication""",1.0,錠,１日１回就寝前,マイスリー
マイスリー錠５ｍｇ,610443047.0,1129009F1025,"""Medication""",1.0,錠,不眠時,マイスリー
マクサルトＲＰＤ錠１０ｍｇ,620000420.0,2160006F2022,"""Medication""",1.0,錠,頭痛時,マクサルト
マグネシウム,160022210.0,-,"""Examination""",1.0,回,-,マグネシウム
マグミット錠２５０ｍｇ,610463197.0,2344009F1019,"""Medication""",4.0,錠,１日２回朝夕食後,マグミット
マグミット錠３３０ｍｇ,610463198.0,2344009F2015,"""Medication""",2.0,錠,１日２回朝夕食後,マグミット
マグミット錠５００ｍｇ,620004078.0,2344009F4018,"""Medication""",2.0,錠,１日２回朝夕食後,マグミット
マンジャロ皮下注５ｍｇアテオス　０．５ｍＬ,622931401.0,-,"""HomeCare""",2.0,キット,-,マンジャロ
マンジャロ皮下注５ｍｇアテオス　０．５ｍＬ,622931401.0,-,"""Injection""",1.0,キット,-,マンジャロ
マーズレン配合錠０．５ＥＳ,620008085.0,2329122F2020,"""Medication""",3.0,錠,１日３回毎食後,マーズレン
マーズレン配合錠１．０ＥＳ,620008740.0,2329122F1032,"""Medication""",1.0,錠,１日１回朝食後,マーズレン
マーズレンＳ配合顆粒,620459001.0,2329122D1414,"""Medication""",0.5,ｇ,１日１回朝食後,マーズレン
マーデュオックス軟膏,622484501.0,2699804M1023,"""Medication""",20.0,ｇ,１日１回お使い下さい。,マーデュオックス
ミオナール錠５０ｍｇ,611240248.0,1249009F1090,"""Medication""",3.0,錠,１日３回毎食後,ミオナール
ミカムロ配合錠ＢＰ,622224601.0,2149117F2021,"""Medication""",1.0,錠,１日１回朝食後,ミカムロ
ミカルディス錠２０ｍｇ,620002429.0,2149042F1025,"""Medication""",1.0,錠,１日１回朝食後,ミカルディス
ミカルディス錠４０ｍｇ,620002430.0,2149042F2021,"""Medication""",1.0,錠,１日１回朝食後,ミカルディス
ミグシス錠５ｍｇ,610432015.0,2190023F1037,"""Medication""",2.0,錠,１日２回朝夕食後,ミグシス
ミグリトール錠５０ｍｇ「トーワ」,622544401.0,3969009F2011,"""Medication""",3.0,錠,１日３回毎食前,ミグリトール
ミケラン錠５ｍｇ,612120119.0,2123005F1141,"""Medication""",2.0,錠,１日２回朝夕食後,ミケラン
ミチグリニドＣａ・ＯＤ錠１０ｍｇ「ＴＣＫ」,622515301.0,3969008F4052,"""Medication""",3.0,錠,１日３回医師の指示通り,ミチグリニド
ミニリンメルトＯＤ錠６０μｇ,622225302.0,2419001F3026,"""Medication""",2.0,錠,１日２回朝夕食後,ミニリンメルト
ミノドロン酸５０ｍｇ錠,622898600.0,3999026F2014,"""Medication""",1.0,錠,医師の指示通り,ミノドロン
ミノマイシン錠５０ｍｇ,616150088.0,6152005F1052,"""Medication""",2.0,錠,１日２回朝夕食後,ミノマイシン
ミヤＢＭ細粒,612370066.0,2316009C1026,"""Medication""",1.2,ｇ,１日３回毎食後,ミヤＢＭ細粒
ミヤＢＭ錠,612370067.0,2316009F1022,"""Medication""",3.0,錠,１日３回毎食後,ミヤＢＭ錠
ミルタザピン錠１５ｍｇ「明治」,622667801.0,1179051F1207,"""Medication""",1.0,錠,１日１回夕食後,ミルタザピン
ムコサールドライシロップ１．５％,620008745.0,2239001R1013,"""Medication""",3.0,ｇ,１日３回毎食後,ムコサールドライシロップ
ムコサール錠１５ｍｇ,620008744.0,2239001F1661,"""Medication""",3.0,錠,１日３回毎食後,ムコサール
ムコスタ錠１００ｍｇ,620452801.0,2329021F1102,"""Medication""",1.0,錠,１日１回朝食後,ムコスタ
ムコダイン錠２５０ｍｇ,610453119.0,2233002F1174,"""Medication""",3.0,錠,１日３回毎食後,ムコダイン
ムコダイン錠５００ｍｇ,610407447.0,2233002F2022,"""Medication""",3.0,錠,１日３回毎食後,ムコダイン
ムコダインＤＳ５０％,621989901.0,2233002R2029,"""Medication""",0.6,ｇ,１日３回毎食後,ムコダイン
メイアクトＭＳ錠１００ｍｇ,620004080.0,6132015F1037,"""Medication""",3.0,錠,１日３回毎食後,メイアクト
メイラックス錠１ｍｇ,611170689.0,1124029F1026,"""Medication""",1.0,錠,１日１回就寝前,メイラックス
メイラックス錠２ｍｇ,611170690.0,1124029F2022,"""Medication""",1.0,錠,１日１回就寝前,メイラックス
メインテート錠２．５ｍｇ,620256101.0,2123016F1107,"""Medication""",1.0,錠,１日１回朝食後,メインテート
メキシチールカプセル１００ｍｇ,612120223.0,2129003M2028,"""Medication""",2.0,カプセル,１日２回朝夕食後,メキシチールカプセル
メキシレチン塩酸塩５０ｍｇカプセル,622719600.0,2129003M1013,"""Medication""",2.0,カプセル,１日２回朝夕食後,メキシレチン
メコバラミン０．５ｍｇ錠,622324300.0,3136004F2014,"""Medication""",3.0,錠,１日３回毎食後,メコバラミン
メサデルム軟膏０．１％,620007799.0,2646726M1095,"""Medication""",10.0,ｇ,医師の指示通り,メサデルム
メジコン錠１５ｍｇ,612220325.0,2223001F2099,"""Medication""",3.0,錠,１日３回毎食後,メジコン
メタネフリン・ノルメタネフリン分画（尿）,160137250.0,-,"""Examination""",1.0,回,-,ノルメタネフリン
メチコバール錠５００μｇ　０．５ｍｇ,613130595.0,3136004F2138,"""Medication""",3.0,錠,１日３回毎食後,メチコバール
メチルジゴキシン錠０．１ｍｇ「タイヨー」,620005568.0,2113005F1013,"""Medication""",0.5,錠,１日１回朝食後,メチルジゴキシン
メチルジゴキシン０．１ｍｇ錠　０．１ｍｇ,622717900.0,2113005F1013,"""Medication""",0.5,錠,１日１回朝食後,メチルジゴキシン
メトグルコ錠２５０ｍｇ,621974701.0,3962002F2027,"""Medication""",2.0,錠,１日２回朝夕食後,メトグルコ
メトグルコ錠５００ｍｇ,622242501.0,3962002F3023,"""Medication""",1.0,錠,１日１回夕食後,メトグルコ
メトトレキサート２ｍｇカプセル,622742300.0,3999016M1013,"""Medication""",2.0,カプセル,医師の指示通り,メトトレキサート
メトトレキサート２ｍｇ錠,622742200.0,3999016F1014,"""Medication""",2.0,錠,１日２回朝夕食後,メトトレキサート
メトホルミン塩酸塩錠５００ｍｇＭＴ「明治」,622822501.0,3962002F3015,"""Medication""",1.0,錠,１日２回朝夕食後,メトホルミン
メトホルミン塩酸塩２５０ｍｇＭＴ錠,622898100.0,3962002F2019,"""Medication""",2.0,錠,１日２回朝夕食後,メトホルミン
メトリジン錠２ｍｇ,612160027.0,2160002F1028,"""Medication""",2.0,錠,１日２回朝夕食後,メトリジン
メネシット配合錠１００,620124001.0,1169101F1146,"""Medication""",2.5,錠,１日３回毎食後,メネシット
メバロチン錠１０　１０ｍｇ,612180265.0,2189010F2027,"""Medication""",1.0,錠,１日１回夕食後,メバロチン
メバロチン錠５　５ｍｇ,610454085.0,2189010F1039,"""Medication""",1.0,錠,１日１回夕食後,メバロチン
メプチンエアー１０μｇ吸入１００回　０．０１４３％５ｍＬ,621903202.0,2259704G9033,"""Medication""",1.0,キット,医師の指示通りにお使い下さい。,メプチンエアー
メプチンスイングヘラー１０μｇ吸入１００回　１ｍｇ,622308301.0,2259704Y1020,"""Medication""",1.0,キット,医師の指示通りにお使い下さい。,メプチンスイングヘラー
メプチンミニ錠２５μｇ　０．０２５ｍｇ,620003634.0,2259004F1110,"""Medication""",2.0,錠,１日２回朝夕食後,メプチンミニ
メプチン吸入液ユニット０．３ｍＬ　０．０１％,660463035.0,-,"""Treatment""",1.0,個,-,メプチン
メマリー錠１０ｍｇ,622047201.0,1190018F2020,"""Medication""",1.0,錠,１日１回朝食後,メマリー
メマリー錠２０ｍｇ,622047301.0,1190018F3026,"""Medication""",1.0,錠,１日１回夕食後,メマリー
メマリー錠５ｍｇ,622047101.0,1190018F1023,"""Medication""",1.0,錠,１日１回就寝前,メマリー
メマンチン塩酸塩ＯＤ錠２０ｍｇ「ＤＳＥＰ」,622784101.0,1190018F6033,"""Medication""",1.0,錠,１日１回朝食後,メマンチン
メラトベル顆粒小児用０．２％,622793601.0,1190028D1026,"""Medication""",0.5,ｇ,１日１回就寝前,メラトベル
メリスロン錠６ｍｇ,610454087.0,1339005F1296,"""Medication""",3.0,錠,１日３回毎食後,メリスロン
メルカゾール錠２．５ｍｇ,622842401.0,2432001F2021,"""Medication""",1.0,錠,１日１回朝食後,メルカゾール
メルカゾール錠５ｍｇ,620004391.0,2432001F1017,"""Medication""",1.0,錠,１日１回朝食後,メルカゾール
モサプリドクエン酸塩５ｍｇ錠,622895700.0,2399010F2016,"""Medication""",3.0,錠,１日３回毎食後,モサプリドクエン
モビコール配合内用剤ＬＤ　６．８５２３ｇ,622832901.0,2359110B1037,"""Medication""",3.0,包,１日３回毎食後,モビコール
モメタゾン点鼻液５０μｇ「杏林」５６噴霧用　５ｍｇ１０ｇ,622672501.0,1329710Q1035,"""Medication""",2.0,瓶,医師の指示通り,モメタゾン
モンテルカストナトリウム１０ｍｇ錠,622616800.0,4490026F2016,"""Medication""",1.0,錠,１日１回就寝前,モンテルカストナトリウム
モンテルカスト錠１０ｍｇ「ＫＭ」,622484401.0,4490026F2067,"""Medication""",1.0,錠,１日１回就寝前,モンテルカスト
モーラステープ２０ｍｇ　７ｃｍ×１０ｃｍ,620007805.0,2649729S2169,"""Medication""",42.0,枚,医師の指示通り,モーラステープ
モーラステープＬ４０ｍｇ　１０ｃｍ×１４ｃｍ,620007804.0,2649729S3084,"""Medication""",56.0,枚,医師の指示通り,モーラステープ
モーラスパップ３０ｍｇ　１０ｃｍ×１４ｃｍ,620006538.0,2649729S1154,"""Medication""",56.0,枚,医師の指示通りにお使い下さい。,モーラスパップ
モーラスパップＸＲ１２０ｍｇ　１０ｃｍ×１４ｃｍ,622466101.0,2649729S5028,"""Medication""",35.0,枚,医師の指示通り,モーラスパップ
ヤクバンテープ４０ｍｇ　１０ｃｍ×１４ｃｍ,620647301.0,2649732S2055,"""Medication""",21.0,枚,医師の指示通り,ヤクバンテープ
ユニシア配合錠ＨＤ,621986601.0,2149116F2027,"""Medication""",1.0,錠,１日１回朝食後,ユニシア
ユニシア配合錠ＬＤ,621986501.0,2149116F1020,"""Medication""",1.0,錠,１日１回朝食後,ユニシア
ユベラ錠５０ｍｇ,620003638.0,3150002F1239,"""Medication""",3.0,錠,１日３回毎食後,ユベラ
ユリス錠０．５ｍｇ,622703601.0,3949005F1022,"""Medication""",1.0,錠,１日１回朝食後,ユリス
ラキソベロン内用液０．７５％,620491401.0,2359005S1240,"""Medication""",10.0,ｍＬ,便秘時,ラキソベロン
ラクツロース・シロップ６０％分包１０ｍＬ「コーワ」,622498301.0,3999001Q4026,"""Medication""",2.0,包,１日２回朝夕食後,ラクツロース
ラクテック注　２５０ｍＬ,643310497.0,-,"""Injection""",1.0,袋,-,ラクテック
ラゲブリオカプセル２００ｍｇ,628785401.0,6250051M1028,"""Medication""",8.0,カプセル,１日２回朝夕食後,ラゲブリオカプセル
ラスビック点滴静注キット１５０ｍｇ　（希釈液付）,622842801.0,-,"""Injection""",1.0,キット,-,ラスビック
ラスビック錠７５ｍｇ,622696001.0,6241019F1021,"""Medication""",1.0,錠,１日１回昼食後,ラスビック
ラピフォートワイプ２．５％　２．５ｇ,622912901.0,1259701X1026,"""Medication""",14.0,包,医師の指示通り,ラピフォートワイプ
ラベプラゾールＮａ錠１０ｍｇ「サワイ」,622011201.0,2329028F1104,"""Medication""",1.0,錠,１日おきに、お飲み下さい。,ラベプラゾール
ラミクタール錠１００ｍｇ,620008565.0,1139009F4020,"""Medication""",2.0,錠,１日１回夕食後,ラミクタール
ラミクタール錠２５ｍｇ,620008564.0,1139009F3024,"""Medication""",6.0,錠,１日２回朝夕食後,ラミクタール
ラミシール外用液１％,620005306.0,2659710Q1078,"""Medication""",20.0,ｇ,医師の指示通り,ラミシール
ランソプラゾール１５ｍｇ腸溶性口腔内崩壊錠,622735400.0,2329023F1012,"""Medication""",1.0,錠,１日１回朝食後,腸溶性口腔内崩壊錠
ランソプラゾールＯＤ錠１５ｍｇ「トーワ」,620009451.0,2329023F1012,"""Medication""",1.0,錠,１日１回朝食後,ランソプラゾール
ランタス注ソロスター　３００単位,620007536.0,-,"""HomeCare""",1.0,キット,-,ソロスター
ランドセン細粒０．５％,620007131.0,1139003C2059,"""Medication""",0.6,ｇ,１日３回毎食後,ランドセン
ランドセン錠０．５ｍｇ,620007132.0,1139003F1059,"""Medication""",1.0,錠,１日１回就寝前,ランドセン
リウマトレックスカプセル２ｍｇ,610432016.0,3999016M1021,"""Medication""",2.0,カプセル,医師の指示通り,リウマトレックスカプセル
リオベル配合錠ＬＤ,622086001.0,3969103F1024,"""Medication""",1.0,錠,１日１回朝食後,リオベル
リオレサール錠５ｍｇ,611240288.0,1249006F1011,"""Medication""",4.0,錠,１日２回朝夕食後,リオレサール
リクシアナ錠３０ｍｇ,622081001.0,3339002F2026,"""Medication""",1.0,錠,１日１回夕食後,リクシアナ
リクシアナＯＤ錠１５ｍｇ,622576001.0,3339002F4029,"""Medication""",1.0,錠,１日１回朝食後,リクシアナ
リクシアナＯＤ錠３０ｍｇ,622576101.0,3339002F5025,"""Medication""",1.0,錠,１日１回夕食後,リクシアナ
リスペリドン１ｍｇ口腔内崩壊錠,622714900.0,1179038F5010,"""Medication""",0.5,錠,１日１回夕食後,リスペリドン
リスミー錠１ｍｇ,611120113.0,1129006F1021,"""Medication""",1.0,錠,１日１回就寝前,リスミー
リセドロン酸Ｎａ錠７５ｍｇ「トーワ」,622695101.0,3999019F3010,"""Medication""",1.0,錠,医師の指示通り,リセドロン
リドメックスコーワ軟膏０．３％,620620901.0,2646720M1080,"""Medication""",10.0,ｇ,医師の指示通り,リドメックスコーワ
リバロ錠１ｍｇ,620000422.0,2189016F1028,"""Medication""",1.0,錠,１日１回夕食後,リバロ
リバロ錠２ｍｇ,620000423.0,2189016F2024,"""Medication""",1.0,錠,１日１回夕食後,リバロ
リバロＯＤ錠２ｍｇ,622239301.0,2189016F5023,"""Medication""",1.0,錠,１日１回夕食後,リバロ
リバロＯＤ錠４ｍｇ,622287601.0,2189016F6020,"""Medication""",1.0,錠,１日１回夕食後,リバロ
リパーゼ,160024010.0,-,"""Examination""",1.0,回,-,リパーゼ
リピトール錠１０ｍｇ,610443014.0,2189015F2020,"""Medication""",1.0,錠,１日１回夕食後,リピトール
リピトール錠５ｍｇ,610443013.0,2189015F1023,"""Medication""",0.5,錠,１日１回夕食後,リピトール
リフレックス錠１５ｍｇ,621932101.0,1179051F1029,"""Medication""",0.5,錠,１日１回就寝前,リフレックス
リフレックス錠３０ｍｇ,622497001.0,1179051F2025,"""Medication""",1.0,錠,１日１回就寝前,リフレックス
リベルサス錠１４ｍｇ,629911801.0,2499014F3024,"""Medication""",1.0,錠,１日１回医師の指示通り,リベルサス
リベルサス錠３ｍｇ,629911601.0,2499014F1021,"""Medication""",1.0,錠,１日１回医師の指示通り,リベルサス
リベルサス錠７ｍｇ,629911701.0,2499014F2028,"""Medication""",1.0,錠,１日１回医師の指示通り,リベルサス
リボトリール錠０．５ｍｇ,620003654.0,1139003F1040,"""Medication""",1.0,錠,１日１回就寝前,リボトリール
リマチル錠１００ｍｇ,620000181.0,4420002F1117,"""Medication""",3.0,錠,１日３回毎食後,リマチル
リマプロストアルファデクス錠５μｇ「サワイ」,621694102.0,3399003F1014,"""Medication""",3.0,錠,１日３回毎食後,リマプロストアルファデクス
リマプロストアルファデクス錠５μｇ「Ｆ」,620004095.0,3399003F1014,"""Medication""",3.0,錠,１日３回毎食後,リマプロストアルファデクス
リリカＯＤ錠２５ｍｇ,622538201.0,1190017F1029,"""Medication""",3.0,錠,１日２回朝食後及び就寝前,リリカ
リリカＯＤ錠７５ｍｇ,622538301.0,1190017F2025,"""Medication""",2.0,錠,１日２回朝夕食後,リリカ
リレンザ　５ｍｇ,660443018.0,6250702G1028,"""Medication""",20.0,ブリスター,１日１回お使い下さい。,リレンザ
リンゼス錠０．２５ｍｇ,622532801.0,2399017F1020,"""Medication""",2.0,錠,１日１回夕食前,リンゼス
リンデロン−Ｖローション　０．１２％,662640421.0,2646701Q1038,"""Medication""",20.0,ｍＬ,医師の指示通り,リンデロン
リンデロン−Ｖ軟膏０．１２％,662640423.0,2646701M2156,"""Medication""",10.0,ｇ,医師の指示通り,リンデロン
リンデロン−ＶＧローション,662640417.0,2647709Q1040,"""Medication""",40.0,ｍＬ,１日１回お使い下さい。,リンデロン
リンデロン−ＶＧ軟膏０．１２％,662640418.0,2647709M1102,"""Medication""",10.0,ｇ,医師の指示通り,リンデロン
リーゼ錠５ｍｇ,610422300.0,1179012F1118,"""Medication""",1.0,錠,不安時,リーゼ
ルコナック爪外用液５％,622471601.0,6290703Q1023,"""Medication""",7.0,ｇ,医師の指示通り,ルコナック
ルセフィ錠２．５ｍｇ,622335701.0,3969020F1020,"""Medication""",1.0,錠,１日１回朝食後,ルセフィ
ルネスタ錠１ｍｇ,622148801.0,1129010F1028,"""Medication""",1.0,錠,１日１回就寝前,ルネスタ
ルネスタ錠２ｍｇ,622148901.0,1129010F2024,"""Medication""",1.0,錠,１日１回就寝前,ルネスタ
ルネスタ錠３ｍｇ,622149001.0,1129010F3020,"""Medication""",1.0,錠,１日１回就寝前,ルネスタ
ルパフィン錠１０ｍｇ,622577101.0,4490034F1022,"""Medication""",1.0,錠,１日１回就寝前,ルパフィン
レイボー錠５０ｍｇ,622885001.0,1190030F1024,"""Medication""",1.0,錠,医師の指示通り,レイボー
レキソタン錠５　５ｍｇ,611170436.0,1124020F4032,"""Medication""",3.0,錠,１日３回毎食後,レキソタン
レキップＣＲ錠２ｍｇ,622183601.0,1169013G1022,"""Medication""",2.0,錠,１日１回朝食後,レキップ
レクサプロ錠１０ｍｇ,622069502.0,1179054F1022,"""Medication""",1.0,錠,１日１回夕食後,レクサプロ
レザルタス配合錠ＨＤ,621974601.0,2149115F2022,"""Medication""",1.0,錠,１日１回朝食後,レザルタス
レスタミンコーワクリーム１％,620007811.0,2642702N1029,"""Medication""",30.0,ｇ,かゆみ止めとして,レスタミンコーワクリーム
レチクロ,160007910.0,-,"""Examination""",1.0,回,-,レチクロ
レニン活性,160032210.0,-,"""Examination""",1.0,回,-,レニン
レバミピド１００ｍｇ錠,622894200.0,2329021F1013,"""Medication""",2.0,錠,１日２回朝夕食後,レバミピド
レボセチリジン塩酸塩ドライシロップ０．５％「ＹＤ」,622787501.0,4490028R1031,"""Medication""",1.0,ｇ,１日２回朝夕食後,レボセチリジン
レボセチリジン塩酸塩錠２．５ｍｇ「タカタ」,622704901.0,4490028F2066,"""Medication""",2.0,錠,１日２回朝食後及び就寝前,レボセチリジン
レボセチリジン塩酸塩錠２．５ｍｇ「ＹＤ」,622787101.0,4490028F2040,"""Medication""",2.0,錠,１日２回朝夕食後,レボセチリジン
レボセチリジン塩酸塩５ｍｇ錠,622847600.0,4490028F1019,"""Medication""",1.0,錠,１日１回就寝前,レボセチリジン
レボセチリジン塩酸塩ＯＤ錠２．５ｍｇ「タカタ」,622705101.0,4490028F3046,"""Medication""",2.0,錠,１日２回朝夕食後,レボセチリジン
レボトミン錠５ｍｇ,610453150.0,1172014F1043,"""Medication""",2.0,錠,１日１回就寝前,レボトミン
レミニール錠４ｍｇ,622045801.0,1190019F1028,"""Medication""",2.0,錠,１日２回朝夕食後,レミニール
レミニールＯＤ錠１２ｍｇ,622046301.0,1190019F6020,"""Medication""",2.0,錠,１日２回朝夕食後,レミニール
レルパックス錠２０ｍｇ,610462006.0,2160005F1021,"""Medication""",1.0,錠,痛む時,レルパックス
レルベア１００エリプタ３０吸入用,622375501.0,2290803G3020,"""Medication""",1.0,キット,１回１吸入,レルベア
レルベア２００エリプタ１４吸入用,622279301.0,2290803G2024,"""Medication""",1.0,キット,１回１吸入,レルベア
レルベア２００エリプタ３０吸入用,622375601.0,2290803G4027,"""Medication""",1.0,キット,１回１吸入,レルベア
レンドルミン錠０．２５ｍｇ,620004625.0,1124009F1223,"""Medication""",1.0,錠,１日１回就寝前,レンドルミン
ロキソニンゲル１％,622000401.0,2649735Q1020,"""Medication""",25.0,ｇ,医師の指示通りにお使い下さい。,ロキソニンゲル
ロキソニンテープ１００ｍｇ　１０ｃｍ×１４ｃｍ,620007813.0,2649735S3020,"""Medication""",56.0,枚,１日１回お使い下さい。,ロキソニンテープ
ロキソニンテープ５０ｍｇ　７ｃｍ×１０ｃｍ,620007812.0,2649735S2024,"""Medication""",56.0,枚,医師の指示通り,ロキソニンテープ
ロキソニンパップ１００ｍｇ　１０ｃｍ×１４ｃｍ,620003477.0,2649735S1028,"""Medication""",56.0,枚,１日１回お使い下さい。,ロキソニンパップ
ロキソニン錠６０ｍｇ,620098801.0,1149019F1560,"""Medication""",1.0,錠,発熱時又は痛む時,ロキソニン
ロキソプロフェンナトリウムテープ１００ｍｇ「日医工」　１０×１４,622229701.0,2649735S3241,"""Medication""",63.0,枚,医師の指示通り,ロキソプロフェンナトリウムテープ
ロキソプロフェンナトリウムテープ５０ｍｇ「日医工」　７×１０ｃｍ,622229601.0,2649735S2016,"""Medication""",35.0,枚,医師の指示通りにお使い下さい。,ロキソプロフェンナトリウムテープ
ロキソプロフェンナトリウムパップ１００ｍｇ「日医工」　１０×１４,622229501.0,2649735S1133,"""Medication""",56.0,枚,医師の指示通りにお使い下さい。,ロキソプロフェンナトリウムパップ
ロキソプロフェンナトリウム錠６０ｍｇ「日医工」,620100901.0,1149019F1595,"""Medication""",1.0,錠,痛む時,ロキソプロフェンナトリウム
ロキソプロフェンナトリウム６０ｍｇ錠,622325600.0,1149019F1013,"""Medication""",1.0,錠,痛む時,ロキソプロフェンナトリウム
ロコイドクリーム０．１％,620009077.0,2646717N1083,"""Medication""",125.0,ｇ,医師の指示通り,ロコイドクリーム
ロコイド軟膏０．１％,620009078.0,2646717M1096,"""Medication""",10.0,ｇ,医師の指示通り,ロコイド
ロサルタンカリウム錠２５ｍｇ「アメル」,622144801.0,2149039F1015,"""Medication""",1.0,錠,１日１回朝食後,ロサルタンカリウム
ロサルタンカリウム５０ｍｇ錠,622474000.0,2149039F2011,"""Medication""",1.0,錠,１日１回朝食後,ロサルタンカリウム
ロスバスタチン錠２．５ｍｇ「ＤＳＥＰ」,622571801.0,2189017F1030,"""Medication""",1.0,錠,１日１回夕食後,ロスバスタチン
ロスバスタチンＯＤ錠２．５ｍｇ「アメル」,622600801.0,2189017F3017,"""Medication""",1.0,錠,１日１回朝食後,ロスバスタチン
ロスバスタチンＯＤ錠２．５ｍｇ「ＤＳＥＰ」,622575601.0,2189017F3033,"""Medication""",1.0,錠,１日１回朝食後,ロスバスタチン
ロスバスタチンＯＤ錠５ｍｇ「ＤＳＥＰ」,622575701.0,2189017F4030,"""Medication""",1.0,錠,１日１回朝食後,ロスバスタチン
ロスーゼット配合錠ＨＤ,622676701.0,2189102F2020,"""Medication""",1.0,錠,１日１回朝食後,ロスーゼット
ロゼレム錠８ｍｇ,621985801.0,1190016F1024,"""Medication""",0.5,錠,１日１回就寝前,ロゼレム
ロトリガ粒状カプセル２ｇ,622198801.0,2189019M1020,"""Medication""",1.0,包,１日１回夕食後,ロトリガ
ロフラゼプ酸エチル錠１ｍｇ「サワイ」,620053801.0,1124029F1018,"""Medication""",1.0,錠,１日１回夕食後,ロフラゼプ
ロペミンカプセル１ｍｇ,620003665.0,2319001M1213,"""Medication""",0.6,カプセル,-,ロペミンカプセル
ロペラミド塩酸塩１ｍｇ錠,622311700.0,2319001F1010,"""Medication""",1.0,錠,下痢時,ロペラミド
ロラゼパム０．５ｍｇ錠,622707000.0,1124022F1016,"""Medication""",1.0,錠,１日１回夕食後,ロラゼパム
ロラタジン錠１０ｍｇ「アメル」,622092701.0,4490027F1111,"""Medication""",1.0,錠,１日１回就寝前,ロラタジン
ロートエキス散,611240298.0,1249351B1010,"""Medication""",0.3,ｇ,１日３回毎食後,ロートエキス
ワイパックス錠１．０　１ｍｇ,611170471.0,1124022F2071,"""Medication""",1.0,錠,発作時にお使い下さい。,ワイパックス
ワソラン錠４０ｍｇ,620004629.0,2171008F1070,"""Medication""",1.0,錠,発作時にお使い下さい。,ワソラン
ワーファリン錠１ｍｇ,613330003.0,3332001F1016,"""Medication""",2.0,錠,１日１回朝食後,ワーファリン
一包化投与,1000939.0,-,"""Comment""",-,-,-,一包化投与
一包化投与,1000939.0,-,"""Medication""",-,-,１日１回朝食後,一包化投与
一包化投与,1000939.0,-,"""OtherExpense""",-,-,-,一包化投与
一般名処方加算１（処方箋料）,120004270.0,-,"""OtherExpense""",1.0,回,-,一般名処方加算
一般名処方加算２（処方箋料）,120003570.0,-,"""OtherExpense""",1.0,回,-,一般名処方加算
一連の治療期間における初回の指導管理年月日（在宅持続陽圧呼吸療法,850100143.0,-,"""HomeCare""",4211221.0,-,-,在宅持続陽圧呼吸療法
乳幼児加算（再診）,112000970.0,-,"""Diagnosis""",1.0,回,-,乳幼児加算
乳幼児加算（初診）,111000370.0,-,"""Diagnosis""",1.0,回,-,乳幼児加算
乳糖水和物,617110007.0,7111001X1019,"""Medication""",0.5,ｇ,１日１回就寝前,乳糖水和物
予防接種料金,95000012.0,-,"""OwnExpense""",0.0,円,-,予防接種料金
亜鉛華軟膏,662640446.0,2649704M1015,"""Medication""",50.0,ｇ,１日数回　塗布,亜鉛華軟膏
休日加算（再診）（入院外）,112001210.0,-,"""Diagnosis""",1.0,回,-,休日加算
休日加算（初診）,111000670.0,-,"""Diagnosis""",1.0,回,-,休日加算
健康診断,95000006.0,-,"""OwnExpense""",550.0,円,-,健康診断
傷病手当金意見書交付料,180000710.0,-,"""Control""",1.0,回,-,傷病手当金意見書交付料
免疫学的検査判断料,160062110.0,-,"""Examination""",1.0,回,-,免疫学的検査判断料
免疫電気泳動法（抗ヒト全血清）,160212110.0,-,"""Examination""",1.0,回,-,免疫電気泳動法
再診料,101120010.0,-,"""Diagnosis""",1.0,回,-,再診料
再診料,112007410.0,-,"""Diagnosis""",1.0,回,-,再診料
処方箋料（リフィル以外・その他）,120002910.0,-,"""OtherExpense""",1.0,回,-,処方箋料
処方箋料（リフィル以外・７種類以上内服薬）,120002710.0,-,"""OtherExpense""",1.0,回,-,処方箋料
処方箋料（リフィル処方箋・その他）,120005010.0,-,"""OtherExpense""",1.0,回,-,処方箋料
切手,95000007.0,-,"""OwnExpense""",84.0,円,-,切手
初回（骨塩定量検査（ＭＤ法、ＳＥＸＡ法等））,820190033.0,-,"""Examination""",-,-,-,初回）
初診料,111000110.0,-,"""Diagnosis""",1.0,回,-,初診料
前回実施年月日（骨塩定量検査（ＭＤ法、ＳＥＸＡ法等））,850190033.0,-,"""Examination""",20230225.0,-,-,前回実施年月日
創傷処置（１００ｃｍ２未満）,140000610.0,-,"""Treatment""",1.0,回,-,創傷処置
医療情報・システム基盤整備体制充実加算１（初診）,111015970.0,-,"""Diagnosis""",1.0,回,-,基盤整備体制充実加算
医療情報・システム基盤整備体制充実加算２（初診）,111016070.0,-,"""Diagnosis""",1.0,回,-,基盤整備体制充実加算
医療情報・システム基盤整備体制充実加算３（再診）（経過措置）,112026570.0,-,"""Diagnosis""",1.0,回,-,基盤整備体制充実加算
半切,700010000.0,-,"""Image""",1.0,枚,-,半切
単純撮影（アナログ撮影）,170001910.0,-,"""Image""",1.0,枚,-,単純撮影
単純撮影（イ）の写真診断,170000410.0,-,"""Image""",1.0,枚,-,単純撮影
同日再診料,112008350.0,-,"""Diagnosis""",1.0,回,-,同日再診料
同日電話等再診料,112008850.0,-,"""Diagnosis""",1.0,回,-,同日電話等再診料
呼吸同調式デマンドバルブ加算,114015710.0,-,"""HomeCare""",1.0,回,-,デマンドバルブ
在宅ターミナルケア加算（イ）（在支診等）,114018370.0,-,"""HomeCare""",1.0,回,-,ターミナルケア
在宅患者訪問リハビリテーション指導管理料（同一建物居住者以外）,114006410.0,-,"""HomeCare""",3.0,単位,-,リハビリテーション
在宅患者訪問点滴注射管理指導料,114011410.0,-,"""HomeCare""",1.0,回,-,在宅患者訪問点滴注射管理指導料
在宅持続陽圧呼吸療法指導管理料２,114040810.0,-,"""HomeCare""",1.0,回,-,在宅持続陽圧呼吸療法指導管理料
在宅持続陽圧呼吸療法材料加算,114041710.0,-,"""HomeCare""",1.0,回,-,在宅持続陽圧呼吸療法材料加算
在宅持続陽圧呼吸療法用治療器加算（ＣＰＡＰを使用）,114041310.0,-,"""HomeCare""",1.0,回,-,在宅持続陽圧呼吸療法用治療器加算
在宅療養指導料,113002410.0,-,"""Control""",1.0,回,-,在宅療養指導料
在宅自己導尿指導管理料,114004410.0,-,"""HomeCare""",1.0,回,-,在宅自己導尿指導管理料
在宅自己注射指導管理料（１以外）（月２７回以下）,114040610.0,-,"""HomeCare""",1.0,回,-,在宅自己注射指導管理料
在宅自己注射指導管理料（１以外）（月２８回以上）,114028410.0,-,"""HomeCare""",1.0,回,-,在宅自己注射指導管理料
在宅酸素療法指導管理料（その他）,114003710.0,-,"""HomeCare""",1.0,回,-,在宅酸素療法指導管理料
在宅酸素療法材料加算（その他）,114041610.0,-,"""HomeCare""",1.0,回,-,在宅酸素療法材料加算
塩酸メトクロプラミド０．５％２ｍＬ注射液,622901700.0,-,"""Injection""",1.0,管,-,メトクロプラミド
外来感染対策向上加算（再診）,112024370.0,-,"""Diagnosis""",1.0,回,-,外来感染対策向上加算
外来感染対策向上加算（初診）,111014870.0,-,"""Diagnosis""",1.0,回,-,外来感染対策向上加算
外来管理加算,112011010.0,-,"""Diagnosis""",1.0,回,-,外来管理加算
外来迅速検体検査加算,160177770.0,-,"""Examination""",5.0,項目,-,外来迅速検体検査加算
夜間・早朝等加算（再診）,112015570.0,-,"""Diagnosis""",1.0,回,-,早朝等加算
夜間・早朝等加算（初診）,111012470.0,-,"""Diagnosis""",1.0,回,-,早朝等加算
大塚生食注　１００ｍＬ,643310225.0,-,"""Injection""",1.0,瓶,-,大塚生食注
大塚生食注　２０ｍＬ,643310190.0,-,"""Injection""",1.0,管,-,大塚生食注
大塚生食注　２０ｍＬ,643310190.0,-,"""Treatment""",0.5,管,-,大塚生食注
大塚蒸留水　２０ｍＬ,640431017.0,-,"""HomeCare""",1.0,管,-,大塚蒸留水
大角,700030000.0,-,"""Image""",1.0,枚,-,大角
好酸球（鼻汁・喀痰）,160122850.0,-,"""Examination""",1.0,回,-,好酸球
導入初期加算（在宅自己注射指導管理料）,114028570.0,-,"""HomeCare""",1.0,回,-,導入初期加算
尿一般,160000310.0,-,"""Examination""",1.0,回,-,尿一般
尿沈渣（鏡検法）,160005010.0,-,"""Examination""",1.0,回,-,尿沈渣
尿蛋白,160000410.0,-,"""Examination""",1.0,回,-,尿蛋白
強力ネオミノファーゲンシー静注２０ｍＬ,620005159.0,-,"""Injection""",1.0,管,-,ネオミノファーゲンシー
強力ポステリザン（軟膏）,662560019.0,2559808M1020,"""Medication""",60.0,ｇ,医師の指示通り,ポステリザン
強力レスタミンコーチゾンコーワ軟膏,662640448.0,2649866M1022,"""Medication""",100.0,ｇ,かゆみ止めとして,レスタミンコーチゾンコーワ
往診料,114000110.0,-,"""HomeCare""",1.0,回,-,往診料
患家診療時間加算（往診料）,114000970.0,-,"""HomeCare""",90.0,分,-,患家診療時間加算
悪性腫瘍特異物質治療管理料（その他・１項目）,113001310.0,-,"""Control""",1.0,回,-,悪性腫瘍特異物質治療管理料
抗サイログロブリン抗体,160141750.0,-,"""Examination""",1.0,回,-,サイログロブリン
抗ミトコンドリア抗体定量,160197510.0,-,"""Examination""",1.0,回,-,ミトコンドリア
抗核抗体（蛍光抗体法）半定量,160195710.0,-,"""Examination""",1.0,回,-,抗核抗体半定量
抗甲状腺ペルオキシダーゼ抗体,160157450.0,-,"""Examination""",1.0,回,-,ペルオキシダーゼ
抗ＳＳ−Ａ／Ｒｏ抗体定量,160196710.0,-,"""Examination""",1.0,回,-,抗体定量
抗ＳＳ−Ｂ／Ｌａ抗体定量,160196910.0,-,"""Examination""",1.0,回,-,抗体定量
撮影部位（単純撮影）：胸部（肩を除く。）,820181220.0,-,"""Image""",-,-,-,撮影部位
撮影部位（単純撮影）：腹部,820181300.0,-,"""Image""",-,-,-,撮影部位
改訂長谷川式簡易知能評価スケール合計　　　点,840000084.0,-,"""Comment""",8.0,-,-,改訂長谷川式簡易知能評価
改訂長谷川式簡易知能評価スケール合計　　　点,840000084.0,-,"""Examination""",22.0,-,-,改訂長谷川式簡易知能評価
救急医療管理加算１（施設内療養・緊急の往診等）（特例）,180070150.0,-,"""Rehabilitation""",1.0,回,-,救急医療管理加算
文書料,95000001.0,-,"""OwnExpense""",1100.0,円,-,文書料
明細書発行体制等加算,112015770.0,-,"""Diagnosis""",1.0,回,-,明細書発行体制等加算
時間外加算（再診）（入院外）,112001110.0,-,"""Diagnosis""",1.0,回,-,時間外加算
時間外対応加算１,112016070.0,-,"""Diagnosis""",1.0,回,-,時間外対応加算
末梢血液一般検査,160008010.0,-,"""Examination""",1.0,回,-,末梢血液一般検査
末梢血液像（鏡検法）,160008210.0,-,"""Examination""",1.0,回,-,末梢血液像
梅毒トレポネーマ抗体定性,160040910.0,-,"""Examination""",1.0,回,-,トレポネーマ
機能強化加算（初診）,111013770.0,-,"""Diagnosis""",1.0,回,-,機能強化加算
淋菌及びクラミジア・トラコマチス同時核酸検出,160177650.0,-,"""Examination""",1.0,回,-,トラコマチス
湿布薬の１日用量又は投与日数（薬剤料）；,830100204.0,-,"""Medication""",-,-,医師の指示通り,日用量又
炭酸水素ナトリウム注射液　７％２０ｍＬ,643920052.0,-,"""Injection""",3.0,管,-,ナトリウム
点滴注射年月日（在宅患者訪問点滴注射管理指導料）,850100124.0,-,"""Injection""",5050930.0,-,-,点滴注射年月日
無機リン及びリン酸,160021810.0,-,"""Examination""",1.0,回,-,無機リン及びリン酸
特定疾患処方管理加算１（処方箋料）,120002570.0,-,"""OtherExpense""",1.0,回,-,特定疾患処方管理加算
特定疾患処方管理加算２（処方箋料）,120003270.0,-,"""OtherExpense""",1.0,回,-,特定疾患処方管理加算
特定疾患療養管理料（診療所）,113001810.0,-,"""Control""",1.0,回,-,特定疾患療養管理料
特定疾患療養管理料（１００床未満の病院）（特例）（１０月以降）,113046250.0,-,"""Control""",1.0,回,-,特定疾患療養管理料
特定疾患療養管理料（１００床未満・療養指導）（特例）,113045550.0,-,"""Control""",1.0,回,-,特定疾患療養管理料
特定薬剤治療管理料１,113000410.0,-,"""Examination""",1.0,回,-,特定薬剤治療管理料
特殊カテーテル加算（間歇導尿用カテーテル）（イ以外）,114041010.0,-,"""HomeCare""",1.0,回,-,カテーテル
特異的ＩｇＥ半定量・定量,160056110.0,-,"""Examination""",39.0,種類,-,ＩｇＥ
生理食塩液　１００ｍＬ,640412105.0,-,"""Injection""",1.0,袋,-,生理食塩液
生理食塩液　２０ｍＬ,643310182.0,-,"""Injection""",1.0,管,-,生理食塩液
療養情報提供加算（特例）（１０月以降）,113046350.0,-,"""Control""",1.0,回,-,療養情報提供加算
療養費同意書交付料,113004310.0,-,"""Control""",1.0,回,-,療養費同意書交付料
白色ワセリン,667120033.0,7121703X1011,"""Medication""",50.0,ｇ,スキンケア用として,ワセリン
百日咳菌抗体半定量,160044010.0,-,"""Examination""",1.0,回,-,百日咳菌抗体半定量
直近の無呼吸低呼吸指数（在宅持続陽圧呼吸療法指導管理料）,842100047.0,-,"""HomeCare""",0.3,-,-,無呼吸低呼吸指数
看取り加算（在宅患者訪問診療料（１）１・（２）イ・往診料）,114018570.0,-,"""HomeCare""",1.0,回,-,往診料
看護配置加算（１日につき）（特例）（１０月以降）,113046750.0,-,"""Control""",1.0,回,-,看護配置加算
睡眠ポリグラフィー上の所見（在宅持続陽圧呼吸療法指導管理料）；,830100099.0,-,"""HomeCare""",-,-,-,ポリグラフィー
睡眠ポリグラフィー実施年月日（在宅持続陽圧呼吸療法指導管理料）,850100144.0,-,"""HomeCare""",4211214.0,-,-,ポリグラフィー
硝酸イソソルビド（４０ｍｇ）貼付剤,622773500.0,2171700S1010,"""Medication""",14.0,枚,医師の指示通り,イソソルビド
神経ブロック（眼瞼痙攣、片側顔面痙攣、痙性斜頸、上下肢痙縮）,150333410.0,-,"""Anesthesia""",1.0,回,-,ブロック
神経・筋検査判断料,160147710.0,-,"""Examination""",1.0,回,-,筋検査判断料
神経学的検査,160183210.0,-,"""Examination""",1.0,回,-,神経学的検査
筋電図（１筋につき）,160166510.0,-,"""Examination""",3.0,筋,-,筋電図
算定日の自覚症状（在宅持続陽圧呼吸療法指導管理料）；,830100100.0,-,"""HomeCare""",-,-,-,自覚症状
粉　砕,1000984.0,-,"""Medication""",-,-,１日１回就寝前,粉砕
糞便中ヘモグロビン,160006810.0,-,"""Examination""",1.0,回,-,ヘモグロビン
細胞診（穿刺吸引細胞診、体腔洗浄等）,160060610.0,-,"""Examination""",1.0,部位,-,細胞診
細菌培養同定検査（その他）,160058710.0,-,"""Examination""",1.0,回,-,細菌培養同定検査
細菌培養同定検査（気道）,160144410.0,-,"""Examination""",1.0,回,-,細菌培養同定検査
細菌培養同定検査（泌尿器）,160058410.0,-,"""Examination""",1.0,回,-,細菌培養同定検査
細菌薬剤感受性検査（１菌種）,160146210.0,-,"""Examination""",1.0,回,-,細菌薬剤感受性検査
細菌薬剤感受性検査（３菌種以上）,160146410.0,-,"""Examination""",1.0,回,-,細菌薬剤感受性検査
終夜睡眠ポリグラフィー（携帯用装置使用）,160119410.0,-,"""Examination""",1.0,回,-,ポリグラフィー
経皮的動脈血酸素飽和度測定,160155510.0,-,"""Examination""",1.0,回,-,経皮的動脈血酸素飽和度測定
緊急往診加算（在支診等）,114011570.0,-,"""HomeCare""",1.0,回,-,緊急往診加算
緊急往診加算（在支診等）（特例）,114055350.0,-,"""HomeCare""",1.0,回,-,緊急往診加算
胸部,2000011.0,-,"""Image""",1.0,回,-,胸部
腹部,2000014.0,-,"""Image""",1.0,回,-,腹部
膀胱留置用ディスポーザブルカテーテル（２管一般（２）・標準型）,728730000.0,-,"""HomeCare""",1.0,本,-,ディスポーザブルカテーテル
自費診療料金,95000008.0,-,"""OwnExpense""",550.0,円,-,自費診療料金
葉酸,160115310.0,-,"""Examination""",1.0,回,-,葉酸
蛋白分画,160022810.0,-,"""Examination""",1.0,回,-,蛋白分画
血管伸展性,160071750.0,-,"""Examination""",1.0,回,-,血管伸展性
血糖自己測定器加算（３０回以上）（１型糖尿病の患者等を除く）,114046010.0,-,"""HomeCare""",1.0,回,-,血糖自己測定器加算
血糖自己測定器加算（６０回以上）（１型糖尿病の患者等を除く）,114007410.0,-,"""HomeCare""",1.0,回,-,血糖自己測定器加算
訪問看護指示料,114008010.0,-,"""HomeCare""",1.0,回,-,訪問看護指示料
訪点,820100642.0,-,"""Injection""",-,-,-,訪点
診断書料,95000002.0,-,"""OwnExpense""",2200.0,円,-,診断書料
診療情報提供料算定　　　日,840000052.0,-,"""Control""",20.0,-,-,診療情報提供料算定日
診療情報提供料（１）,180016110.0,-,"""Control""",1.0,回,-,診療情報提供料
認知機能検査その他の心理検査（操作が容易）（その他）,160085910.0,-,"""Examination""",1.0,回,-,認知機能検査
認知機能検査その他の心理検査（操作が容易）（簡易）,160219110.0,-,"""Examination""",1.0,回,-,認知機能検査
認知機能検査その他の心理検査（極複雑）,160086110.0,-,"""Examination""",1.0,回,-,認知機能検査
認知機能検査その他の心理検査（複雑）,160086010.0,-,"""Examination""",1.0,回,-,認知機能検査
調剤用パンビタン末,613180067.0,3179121A1028,"""Medication""",1.0,ｇ,１日１回朝食後,パンビタン
超音波ネブライザ,140022810.0,-,"""Treatment""",1.0,回,-,ネブライザ
超音波検査（心臓超音波検査）（経胸壁心エコー法）,160072510.0,-,"""Examination""",1.0,回,-,超音波検査
超音波検査（断層撮影法）（その他）,160165010.0,-,"""Examination""",1.0,回,-,超音波検査
超音波検査（断層撮影法）（胸腹部）,160072210.0,-,"""Examination""",1.0,回,-,超音波検査
超音波検査（断層撮影法）（胸腹部）：ア　消化器領域,820100681.0,-,"""Examination""",1.0,-,-,超音波検査
超音波検査（断層撮影法）（胸腹部）：イ　腎・泌尿器領域,820100682.0,-,"""Examination""",1.0,-,-,超音波検査
超音波検査（断層撮影法）（胸腹部）：カ　その他,820100686.0,-,"""Examination""",-,-,-,超音波検査
酸化マグネシウム,612340024.0,2344002X1012,"""Medication""",1.5,ｇ,１日３回毎食後,マグネシウム
酸化マグネシウム原末「マルイシ」,620476101.0,2344002X1322,"""Medication""",1.5,ｇ,１日３回毎食後,マグネシウム
酸化マグネシウム細粒８３％「ケンエー」,622039101.0,2344009C1039,"""Medication""",3.6,ｇ,１日３回毎食後,マグネシウム
酸化マグネシウム細粒８３％「ヨシダ」,621752001.0,2344009C1063,"""Medication""",0.6,ｇ,１日１回昼食後,マグネシウム
酸化マグネシウム錠２５０ｍｇ「ケンエー」,622361001.0,2344009F1019,"""Medication""",3.0,錠,１日３回毎食後,マグネシウム
酸化マグネシウム錠５００ｍｇ「ケンエー」,622361201.0,2344009F4018,"""Medication""",3.0,錠,１日３回毎食後,マグネシウム
酸化マグネシウム３３０ｍｇ錠,622894800.0,2344009F2015,"""Medication""",2.0,錠,１日２回朝夕食後,マグネシウム
酸素ボンベ加算（携帯用酸素ボンベ）,114006310.0,-,"""HomeCare""",1.0,回,-,ボンベ
酸素吸入,140005610.0,-,"""Treatment""",1.0,回,-,酸素吸入
酸素濃縮装置加算,114006210.0,-,"""HomeCare""",1.0,回,-,酸素濃縮装置加算
重ソー静注７％「ＮＳ」　２０ｍＬ,621427202.0,-,"""Injection""",3.0,管,-,重ソー静注７％「ＮＳ」２０ｍＬ
院内トリアージ実施料（特例）,113045350.0,-,"""Control""",1.0,回,-,トリアージ
難病外来指導管理料,113002910.0,-,"""Control""",1.0,回,-,難病外来指導管理料
電話等再診料,112007950.0,-,"""Diagnosis""",1.0,回,-,電話等再診料
非特異的ＩｇＥ定量,160197910.0,-,"""Examination""",1.0,回,-,非特異的
骨塩定量検査（ＭＤ法、ＳＥＸＡ法等）,160147310.0,-,"""Examination""",1.0,回,-,骨塩定量検査
鼻腔・咽頭拭い液採取,160208510.0,-,"""Examination""",1.0,回,-,咽頭拭
１日おきに、お飲み下さい。,1000003.0,-,"""Medication""",-,-,１日１回夕食後,おきに
１月の血糖自己測定回数（血糖自己測定器加算）,842100048.0,-,"""HomeCare""",60.0,-,-,血糖自己測定回数
２ｍｇセルシン錠,611170005.0,1124017F2135,"""Medication""",1.0,錠,１日１回就寝前,セルシン
Ａ群β溶連菌迅速試験定性,160044110.0,-,"""Examination""",1.0,回,-,溶連菌迅速試験定性
ＡＢＯ,160039110.0,-,"""Examination""",1.0,回,-,ＡＢＯ
ＡＣＥ,160029410.0,-,"""Examination""",1.0,回,-,ＡＣＥ
ＡＣＴＨ,160035610.0,-,"""Examination""",1.0,回,-,ＡＣＴＨ
ＡＦＰ,160036710.0,-,"""Examination""",1.0,回,-,ＡＦＰ
ＡＬＰ,160020010.0,-,"""Examination""",1.0,回,-,ＡＬＰ
ＡＬＰアイソザイム,160026310.0,-,"""Examination""",1.0,回,-,アイソザイム
ＡＬＴ,160022610.0,-,"""Examination""",1.0,回,-,ＡＬＴ
ＡＰＴＴ,160012310.0,-,"""Examination""",1.0,回,-,ＡＰＴＴ
ＡＳＴ,160022510.0,-,"""Examination""",1.0,回,-,ＡＳＴ
ＡＺ含嗽用配合顆粒「ニプロ」　０．１％,622918501.0,2260702F1071,"""Medication""",20.0,ｇ,医師の指示通りにお使い下さい。,含嗽用配合顆粒
Ａｌｂ（ＢＣＰ改良法・ＢＣＧ法）,160018910.0,-,"""Examination""",1.0,回,-,Ａｌｂ
Ａｍｙ,160020310.0,-,"""Examination""",1.0,回,-,Ａｍｙ
ＢＡＰ,160168650.0,-,"""Examination""",1.0,回,-,ＢＡＰ
ＢＩＬ／直,160017110.0,-,"""Examination""",1.0,回,-,ＢＩＬ
ＢＩＬ／総,160017010.0,-,"""Examination""",1.0,回,-,ＢＩＬ
ＢＵＮ,160019010.0,-,"""Examination""",1.0,回,-,ＢＵＮ
Ｃ３,160124350.0,-,"""Examination""",1.0,回,-,Ｃ３
Ｃ４,160124450.0,-,"""Examination""",1.0,回,-,Ｃ４
ＣＡ１５−３,160037310.0,-,"""Examination""",1.0,回,-,ＣＡ１５−３
ＣＡ１９−９,160037210.0,-,"""Examination""",1.0,回,-,ＣＡ１９−９
ＣＥＡ,160036510.0,-,"""Examination""",1.0,回,-,ＣＥＡ
ＣＫ,160020610.0,-,"""Examination""",1.0,回,-,ＣＫ
ＣＫ−ＭＢ（蛋白量測定）,160114710.0,-,"""Examination""",1.0,回,-,ＣＫ−ＭＢ
ＣＰＲ,160033010.0,-,"""Examination""",1.0,回,-,ＣＰＲ
ＣＲＰ,160054710.0,-,"""Examination""",1.0,回,-,ＣＲＰ
ＣｈＥ,160020210.0,-,"""Examination""",1.0,回,-,ＣｈＥ
Ｄダイマー,160114010.0,-,"""Examination""",1.0,回,-,ダイマー
Ｅ２,160035310.0,-,"""Examination""",1.0,回,-,Ｅ２
ＥＣＧ負荷１２,160069210.0,-,"""Examination""",1.0,回,-,ＥＣＧ
ＥＣＧ１２,160068410.0,-,"""Examination""",1.0,回,-,ＥＣＧ
ＥＰＬカプセル２５０ｍｇ,620005920.0,2189006M1058,"""Medication""",3.0,カプセル,１日３回毎食後,カプセル
ＦＳＨ,160032910.0,-,"""Examination""",1.0,回,-,ＦＳＨ
ＦＴ３,160033210.0,-,"""Examination""",1.0,回,-,ＦＴ３
ＦＴ４,160033310.0,-,"""Examination""",1.0,回,-,ＦＴ４
Ｆｅ,160022110.0,-,"""Examination""",1.0,回,-,Ｆｅ
ＨＢＶジェノタイプ判定,160189050.0,-,"""Examination""",1.0,回,-,ジェノタイプ
ＨＢＶ核酸定量,160160350.0,-,"""Examination""",1.0,回,-,核酸定量
ＨＢｅ抗体,160050110.0,-,"""Examination""",1.0,回,-,ＨＢｅ
ＨＢｅ抗原,160050010.0,-,"""Examination""",1.0,回,-,ＨＢｅ
ＨＢｓ抗原,160049210.0,-,"""Examination""",1.0,回,-,ＨＢｓ
ＨＣＶ抗体定性・定量,160118510.0,-,"""Examination""",1.0,回,-,抗体定性
ＨＣＶ核酸定量,160158450.0,-,"""Examination""",1.0,回,-,核酸定量
ＨＤＬ−コレステロール,160023410.0,-,"""Examination""",1.0,回,-,コレステロール
ＨｂＡ１ｃ,160010010.0,-,"""Examination""",1.0,回,-,ＨｂＡ
ＩＲＩ,160031510.0,-,"""Examination""",1.0,回,-,ＩＲＩ
ＩｇＡ,160055010.0,-,"""Examination""",1.0,回,-,ＩｇＡ
ＩｇＧ,160055210.0,-,"""Examination""",1.0,回,-,ＩｇＧ
ＩｇＧ型リウマトイド因子,160151650.0,-,"""Examination""",1.0,回,-,リウマトイド
ＩｇＧ４,160185410.0,-,"""Examination""",1.0,回,-,ＩｇＧ
ＩｇＭ,160055310.0,-,"""Examination""",1.0,回,-,ＩｇＭ
ＫＬ−６,160168550.0,-,"""Examination""",1.0,回,-,ＫＬ−６
Ｌ−アスパラギン酸Ｃａ錠２００ｍｇ「サワイ」,620003890.0,3214001F1047,"""Medication""",1.0,錠,１日１回朝食後,アスパラギン
Ｌ−ケフレックス小児用顆粒　２００ｍｇ,616130002.0,6132002E1034,"""Medication""",3.25,ｇ,１日２回朝夕食後,ケフレックス
ＬＡＰ,160020510.0,-,"""Examination""",1.0,回,-,ＬＡＰ
ＬＤ,160019510.0,-,"""Examination""",1.0,回,-,ＬＤ
ＬＤアイソ,160026810.0,-,"""Examination""",1.0,回,-,アイソ
ＬＤＬ−コレステロール,160167250.0,-,"""Examination""",1.0,回,-,コレステロール
ＭＭＰ−３,160173150.0,-,"""Examination""",1.0,回,-,ＭＭＰ
ＭＰＯ−ＡＮＣＡ,160167850.0,-,"""Examination""",1.0,回,-,ＡＮＣＡ
Ｍａｃ−２結合蛋白糖鎖修飾異性体,160204950.0,-,"""Examination""",1.0,回,-,結合蛋白糖鎖修飾異性体
ＮＴ−ｐｒｏＢＮＰ,160181250.0,-,"""Examination""",1.0,回,-,ｐｒｏＢＮＰ
ＰＣＴ定量,160192810.0,-,"""Examination""",1.0,回,-,ＰＣＴ
ＰＩＶＫＡ−２定量,160193310.0,-,"""Examination""",1.0,回,-,ＰＩＶＫＡ
ＰＬ配合顆粒,620160501.0,1180107D1131,"""Medication""",3.0,ｇ,１日３回毎食後,配合顆粒
ＰＲ３−ＡＮＣＡ,160197710.0,-,"""Examination""",1.0,回,-,ＡＮＣＡ
ＰＳＡ,160037510.0,-,"""Examination""",1.0,回,-,ＰＳＡ
ＰＴ,160012010.0,-,"""Examination""",1.0,回,-,ＰＴ
Ｒｈ（Ｄ）,160039210.0,-,"""Examination""",1.0,回,-,Ｒｈ
Ｓ−Ｍ,160057710.0,-,"""Examination""",1.0,回,-,Ｓ−Ｍ
Ｓ・Ｍ配合散,620468701.0,2339177B1038,"""Medication""",3.9,ｇ,１日３回毎食後,配合散
ＳＡＲＳ−ＣｏＶ−２・インフルエンザウイルス抗原同時検出（定性）,160230050.0,-,"""Examination""",1.0,回,-,インフルエンザウイルス
ＳＡＲＳ−ＣｏＶ−２抗原検出（定性）,160229850.0,-,"""Examination""",1.0,回,-,ＳＡＲＳ
ＳＰトローチ０．２５ｍｇ「明治」,620509501.0,2399710E1046,"""Medication""",10.0,錠,医師の指示通り,トローチ
ＳＴＳ定性,160039810.0,-,"""Examination""",1.0,回,-,ＳＴＳ
ＴＧ,160020910.0,-,"""Examination""",1.0,回,-,ＴＧ
ＴＩＢＣ（比色法）,160023610.0,-,"""Examination""",1.0,回,-,ＴＩＢＣ
ＴＰ,160017410.0,-,"""Examination""",1.0,回,-,ＴＰ
ＴＲＡＣＰ−５ｂ,160184450.0,-,"""Examination""",1.0,回,-,ＴＲＡＣＰ
ＴＲＡｂ,160035810.0,-,"""Examination""",1.0,回,-,ＴＲＡｂ
ＴＳＨ,160031710.0,-,"""Examination""",1.0,回,-,ＴＳＨ
Ｔｃｈｏ,160022410.0,-,"""Examination""",1.0,回,-,Ｔｃｈｏ
ＴｎＴ定性・定量,160152850.0,-,"""Examination""",1.0,回,-,ＴｎＴ
ＵＡ,160019310.0,-,"""Examination""",1.0,回,-,ＵＡ
Ｚｎ,160029110.0,-,"""Examination""",1.0,回,-,Ｚｎ
ｓＩＬ−２Ｒ,160158050.0,-,"""Examination""",1.0,回,-,ｓＩＬ
